uavs,mission_step,heat_id,uav_id,distance_m,dwell,parked,task,x,y
8,2,0,0,266.4427,0,0,target_search,95.5688,105.2786
8,2,1,5,516.2744,0,0,target_search,295.5945,31.4885
8,3,0,0,265.6297,0,0,target_search,96.2413,104.5385
8,3,1,5,515.2912,0,0,target_search,294.9287,32.2346
8,4,0,0,264.818,0,0,target_search,96.9138,103.7984
8,4,1,5,514.3081,0,0,target_search,294.263,32.9808
8,5,0,0,264.2668,0,0,target_search,97.2817,102.8686
8,5,1,5,513.3251,0,0,target_search,293.5972,33.727
8,6,0,0,263.7184,0,0,target_search,97.6497,101.9388
8,6,1,5,512.424,0,0,target_search,292.7601,34.2741
8,7,0,0,263.1726,0,0,target_search,98.0177,101.0089
8,7,1,5,511.4421,0,0,target_search,292.0909,35.0171
8,8,0,0,262.6294,0,0,target_search,98.3857,100.0791
8,8,1,5,510.5535,0,0,target_search,291.2394,35.5415
8,9,0,0,262.089,0,0,target_search,98.7537,99.1493
8,9,1,5,509.6654,0,0,target_search,290.3879,36.0659
8,10,0,0,261.1492,0,0,target_search,99.6111,98.6346
8,10,1,5,508.7777,0,0,target_search,289.5365,36.5903
8,11,0,0,260.2098,0,0,target_search,100.4684,98.1199
8,11,1,5,508.0053,0,0,target_search,288.5948,36.927
8,12,0,0,259.2709,0,0,target_search,101.3258,97.6053
8,12,1,5,507.2336,0,0,target_search,287.6532,37.2636
8,13,0,0,258.3325,0,0,target_search,102.1832,97.0906
8,13,1,5,506.4628,0,0,target_search,286.7116,37.6003
8,14,0,0,257.3325,0,0,target_search,103.1661,96.9063
8,14,1,5,505.6928,0,0,target_search,285.77,37.937
8,15,0,0,256.3325,0,0,target_search,104.149,96.722
8,15,1,5,505.0168,0,0,target_search,284.7915,38.1436
8,16,0,0,255.3325,0,0,target_search,105.1318,96.5377
8,16,1,5,504.0358,0,0,target_search,284.1259,38.8899
8,17,0,0,254.3325,0,0,target_search,106.1147,96.3535
8,17,1,5,503.0549,0,0,target_search,283.4603,39.6361
8,18,0,0,253.4623,0,0,target_search,106.8785,95.708
8,18,1,5,502.074,0,0,target_search,282.7946,40.3824
8,19,0,0,252.5931,0,0,target_search,107.6423,95.0626
8,19,1,5,501.0932,0,0,target_search,282.129,41.1287
8,20,0,0,252.3632,0,0,target_search,107.6929,94.0639
8,20,1,5,500.1125,0,0,target_search,281.4633,41.8749
8,21,0,0,252.1369,0,0,target_search,107.7435,93.0651
8,21,1,5,499.2188,0,0,target_search,280.6238,42.4183
8,22,0,0,251.3455,0,0,target_search,108.4168,92.3258
8,22,1,5,498.2392,0,0,target_search,279.9548,43.1616
8,23,0,0,250.5555,0,0,target_search,109.0902,91.5865
8,23,1,5,497.3591,0,0,target_search,279.1005,43.6812
8,24,0,0,250.6814,0,0,target_search,108.7994,90.6297
8,24,1,5,496.4794,0,0,target_search,278.2461,44.2009
8,25,0,0,250.8113,0,0,target_search,108.5085,89.673
8,25,1,5,495.6002,0,0,target_search,277.3917,44.7206
8,26,0,0,250.0798,0,0,target_search,109.1209,88.8824
8,26,1,5,494.7214,0,0,target_search,276.5374,45.2402
8,27,0,0,249.3502,0,0,target_search,109.7332,88.0917
8,27,1,5,493.8431,0,0,target_search,275.683,45.7599
8,28,0,0,248.3571,0,0,target_search,110.7323,88.0513
8,28,1,5,492.9652,0,0,target_search,274.8286,46.2795
8,29,0,0,247.509,0,0,target_search,111.4873,87.3955
8,29,1,5,491.9691,0,0,target_search,274.2538,47.0978
8,30,0,0,246.662,0,0,target_search,112.2422,86.7396
8,30,1,5,491.0071,0,0,target_search,274.0083,48.0672
8,31,0,0,246.5466,0,0,target_search,112.2063,85.7403
8,31,1,5,490.0452,0,0,target_search,273.7629,49.0366
8,32,0,0,245.8134,0,0,target_search,112.831,84.9595
8,32,1,5,489.1348,0,0,target_search,272.9488,49.6173
8,33,0,0,245.0821,0,0,target_search,113.4558,84.1787
8,33,1,5,488.2246,0,0,target_search,272.1347,50.198
8,34,0,0,244.446,0,0,target_search,113.9758,83.3245
8,34,1,5,487.2389,0,0,target_search,271.496,50.9675
8,35,0,0,243.8124,0,0,target_search,114.4959,82.4704
8,35,1,5,486.3414,0,0,target_search,270.6658,51.5249
8,36,0,0,242.9168,0,0,target_search,115.3225,81.9076
8,36,1,5,485.4443,0,0,target_search,269.8355,52.0823
8,37,0,0,242.163,0,0,target_search,115.9814,81.1554
8,37,1,5,484.5476,0,0,target_search,269.0053,52.6397
8,38,0,0,241.411,0,0,target_search,116.6402,80.4031
8,38,1,5,483.6513,0,0,target_search,268.175,53.1971
8,39,0,0,240.6608,0,0,target_search,117.2991,79.6508
8,39,1,5,482.7554,0,0,target_search,267.3448,53.7545
8,40,0,0,239.6935,0,0,target_search,118.2908,79.779
8,40,1,5,481.8599,0,0,target_search,266.5145,54.3119
8,41,0,0,238.8399,0,0,target_search,119.0712,79.1538
8,41,1,5,480.8626,0,0,target_search,265.9565,55.1417
8,42,0,0,237.9873,0,0,target_search,119.8517,78.5285
8,42,1,5,479.9154,0,0,target_search,265.2094,55.8064
8,43,0,0,237.0758,0,0,target_search,120.7055,78.008
8,43,1,5,478.9684,0,0,target_search,264.4623,56.4711
8,44,0,0,236.165,0,0,target_search,121.5594,77.4876
8,44,1,5,478.0216,0,0,target_search,263.7152,57.1358
8,45,0,0,235.255,0,0,target_search,122.4133,76.9671
8,45,1,5,477.0751,0,0,target_search,262.9681,57.8005
8,46,0,0,234.4494,0,0,target_search,123.1436,76.284
8,46,1,5,476.1287,0,0,target_search,262.221,58.4652
8,47,0,0,233.6283,0,0,target_search,123.8935,75.6225
8,47,1,5,475.1826,0,0,target_search,261.4739,59.1299
8,48,0,0,232.8085,0,0,target_search,124.6435,74.9609
8,48,1,5,474.3477,0,0,target_search,260.5845,59.5871
8,49,0,0,231.9902,0,0,target_search,125.3934,74.2994
8,49,1,5,473.3902,0,0,target_search,259.864,60.2806
8,50,0,0,231.1734,0,0,target_search,126.1433,73.6379
8,50,1,5,472.4328,0,0,target_search,259.1436,60.9741
8,51,0,0,230.1872,0,0,target_search,127.1063,73.3686
8,51,1,5,471.4755,0,0,target_search,258.4231,61.6676
8,52,0,0,229.2011,0,0,target_search,128.0694,73.0992
8,52,1,5,470.5185,0,0,target_search,257.7027,62.3611
8,53,0,0,228.2151,0,0,target_search,129.0324,72.8299
8,53,1,5,469.5571,0,0,target_search,256.9932,63.0658
8,54,0,0,227.2293,0,0,target_search,129.9955,72.5606
8,54,1,5,468.596,0,0,target_search,256.2838,63.7706
8,55,0,0,226.2435,0,0,target_search,130.9585,72.2913
8,55,1,5,467.6349,0,0,target_search,255.5744,64.4754
8,56,0,0,225.2446,0,0,target_search,131.9569,72.2336
8,56,1,5,466.6741,0,0,target_search,254.8649,65.1802
8,57,0,0,224.2456,0,0,target_search,132.9552,72.1759
8,57,1,5,465.7134,0,0,target_search,254.1555,65.8849
8,58,0,0,223.2467,0,0,target_search,133.9535,72.1182
8,58,1,5,464.7529,0,0,target_search,253.4461,66.5897
8,59,0,0,222.2477,0,0,target_search,134.9519,72.0606
8,59,1,5,463.7925,0,0,target_search,252.7366,67.2945
8,60,0,0,221.252,0,0,target_search,135.9518,72.0486
8,60,1,5,462.8323,0,0,target_search,252.0272,67.9993
8,61,0,0,220.2563,0,0,target_search,136.9517,72.0366
8,61,1,5,461.8723,0,0,target_search,251.3178,68.704
8,62,0,0,219.2606,0,0,target_search,137.9517,72.0246
8,62,1,5,460.9125,0,0,target_search,250.6083,69.4088
8,63,0,0,218.265,0,0,target_search,138.9516,72.0126
8,63,1,5,459.9528,0,0,target_search,249.8989,70.1136
8,64,0,0,217.2703,0,0,target_search,139.9516,72.0101
8,64,1,5,459.3156,0,0,target_search,248.9166,70.3008
8,65,0,0,216.2757,0,0,target_search,140.9516,72.0076
8,65,1,5,458.6796,0,0,target_search,247.9343,70.488
8,66,0,0,215.2811,0,0,target_search,141.9516,72.0051
8,66,1,5,458.045,0,0,target_search,246.9519,70.6752
8,67,0,0,214.2866,0,0,target_search,142.9516,72.0026
8,67,1,5,457.4116,0,0,target_search,245.9696,70.8624
8,68,0,0,213.2924,0,0,target_search,143.9516,72.0021
8,68,1,5,456.8393,0,0,target_search,244.9761,70.9758
8,69,0,0,212.2982,0,0,target_search,144.9516,72.0016
8,69,1,5,456.1973,0,0,target_search,243.9966,71.1774
8,70,0,0,211.304,0,0,target_search,145.9516,72.0011
8,70,1,5,455.5566,0,0,target_search,243.0171,71.379
8,71,0,0,210.3099,0,0,target_search,146.9516,72.0005
8,71,1,5,454.9172,0,0,target_search,242.0377,71.5806
8,72,0,0,209.3159,0,0,target_search,147.9516,72.0004
8,72,1,5,454.2791,0,0,target_search,241.0582,71.7822
8,73,0,0,208.322,0,0,target_search,148.9516,72.0003
8,73,1,5,453.7899,0,0,target_search,240.0585,71.8062
8,74,0,0,207.3282,0,0,target_search,149.9516,72.0002
8,74,1,5,453.3023,0,0,target_search,239.0588,71.8303
8,75,0,0,206.3343,0,0,target_search,150.9516,72.0001
8,75,1,5,452.8164,0,0,target_search,238.0591,71.8543
8,76,0,0,205.3406,0,0,target_search,151.9516,72.0001
8,76,1,5,452.3322,0,0,target_search,237.0593,71.8783
8,77,0,0,204.3469,0,0,target_search,152.9516,72.0001
8,77,1,5,451.8497,0,0,target_search,236.0596,71.9024
8,78,0,0,203.3533,0,0,target_search,153.9516,72.0
8,78,1,5,451.3688,0,0,target_search,235.0599,71.9264
8,79,0,0,202.3598,0,0,target_search,154.9516,72.0
8,79,1,5,450.8897,0,0,target_search,234.0602,71.9505
8,80,0,0,201.3663,0,0,target_search,155.9516,72.0
8,80,1,5,450.4123,0,0,target_search,233.0605,71.9745
8,81,0,0,200.3728,0,0,target_search,156.9516,72.0
8,81,1,5,449.9554,0,0,target_search,232.0605,71.9773
8,82,0,0,199.3795,0,0,target_search,157.9516,72.0
8,82,1,5,449.5003,0,0,target_search,231.0605,71.9801
8,83,0,0,198.3862,0,0,target_search,158.9516,72.0
8,83,1,5,449.0469,0,0,target_search,230.0605,71.9829
8,84,0,0,197.393,0,0,target_search,159.9516,72.0
8,84,1,5,448.5953,0,0,target_search,229.0605,71.9858
8,85,0,0,196.3998,0,0,target_search,160.9516,72.0
8,85,1,5,448.1455,0,0,target_search,228.0605,71.9886
8,86,0,0,195.4067,0,0,target_search,161.9516,72.0
8,86,1,5,447.6974,0,0,target_search,227.0605,71.9914
8,87,0,0,194.4137,0,0,target_search,162.9516,72.0
8,87,1,5,447.2512,0,0,target_search,226.0605,71.9942
8,88,0,0,193.4208,0,0,target_search,163.9516,72.0
8,88,1,5,446.8067,0,0,target_search,225.0605,71.997
8,89,0,0,192.4279,0,0,target_search,164.9516,72.0
8,89,1,5,446.3663,0,0,target_search,224.0605,71.9973
8,90,0,0,191.4351,0,0,target_search,165.9516,72.0
8,90,1,5,445.9277,0,0,target_search,223.0605,71.9977
8,91,0,0,190.4424,0,0,target_search,166.9516,72.0
8,91,1,5,445.4908,0,0,target_search,222.0605,71.998
8,92,0,0,189.4498,0,0,target_search,167.9516,72.0
8,92,1,5,445.0558,0,0,target_search,221.0605,71.9983
8,93,0,0,188.4572,0,0,target_search,168.9516,72.0
8,93,1,5,444.6227,0,0,target_search,220.0605,71.9987
8,94,0,0,187.4647,0,0,target_search,169.9516,72.0
8,94,1,5,444.1913,0,0,target_search,219.0605,71.999
8,95,0,0,186.4723,0,0,target_search,170.9516,72.0
8,95,1,5,443.7618,0,0,target_search,218.0605,71.9993
8,96,0,0,185.48,0,0,target_search,171.9516,72.0
8,96,1,5,443.3341,0,0,target_search,217.0605,71.9997
8,97,0,0,184.4877,0,0,target_search,172.9516,72.0
8,97,1,5,442.9086,0,0,target_search,216.0605,71.9997
8,98,0,0,183.4956,0,0,target_search,173.9516,72.0
8,98,1,5,442.4849,0,0,target_search,215.0605,71.9997
8,99,0,0,182.5035,0,0,target_search,174.9516,72.0
8,99,1,5,442.063,0,0,target_search,214.0605,71.9998
8,100,0,0,182.0829,0,0,target_search,175.4853,72.8457
8,100,1,5,441.643,0,0,target_search,213.0605,71.9998
8,101,0,0,181.6669,0,0,target_search,176.0189,73.6914
8,101,1,5,441.2249,0,0,target_search,212.0605,71.9998
8,102,0,0,181.2554,0,0,target_search,176.5526,74.5371
8,102,1,5,440.8086,0,0,target_search,211.0605,71.9999
8,103,0,0,180.8485,0,0,target_search,177.0863,75.3828
8,103,1,5,440.3943,0,0,target_search,210.0605,71.9999
8,104,0,0,180.4462,0,0,target_search,177.62,76.2284
8,104,1,5,439.9818,0,0,target_search,209.0605,72.0
8,105,0,0,180.0486,0,0,target_search,178.1536,77.0741
8,105,1,5,439.5712,0,0,target_search,208.0605,72.0
8,106,0,0,179.1467,0,0,target_search,179.1122,77.359
8,106,1,5,439.1625,0,0,target_search,207.0605,72.0
8,107,0,0,178.2458,0,0,target_search,180.0708,77.6438
8,107,1,5,438.7557,0,0,target_search,206.0605,72.0
8,108,0,0,177.346,0,0,target_search,181.0294,77.9287
8,108,1,5,438.3508,0,0,target_search,205.0605,72.0
8,109,0,0,176.4472,0,0,target_search,181.9879,78.2135
8,109,1,5,437.4428,0,0,target_search,204.3109,72.6619
8,110,0,0,176.0745,0,0,target_search,182.5114,79.0656
8,110,1,5,436.5351,0,0,target_search,203.5613,73.3237
8,111,0,0,175.7067,0,0,target_search,183.0348,79.9176
8,111,1,5,435.6278,0,0,target_search,202.8117,73.9856
8,112,0,0,175.3439,0,0,target_search,183.5583,80.7697
8,112,1,5,434.721,0,0,target_search,202.0621,74.6475
8,113,0,0,174.986,0,0,target_search,184.0817,81.6218
8,113,1,5,434.5397,0,0,target_search,201.9122,74.7798
8,114,0,0,174.633,0,0,target_search,184.6051,82.4738
8,114,1,5,434.5397,0,1,target_search,201.9122,74.7798
8,115,0,0,174.2851,0,0,target_search,185.1286,83.3259
8,115,1,5,434.5397,0,1,target_search,201.9122,74.7798
8,116,0,0,173.9423,0,0,target_search,185.652,84.1779
8,116,1,5,434.5397,0,1,target_search,201.9122,74.7798
8,117,0,0,173.6045,0,0,target_search,186.1755,85.03
8,117,1,5,434.5397,0,1,target_search,201.9122,74.7798
8,118,0,0,172.6394,0,0,target_search,187.0656,84.5743
8,118,1,5,434.5397,0,1,target_search,201.9122,74.7798
8,119,0,0,171.6747,0,0,target_search,187.9557,84.1185
8,119,1,5,434.5397,0,1,target_search,201.9122,74.7798
8,120,0,0,170.7104,0,0,target_search,188.8458,83.6628
8,120,1,5,434.5397,0,1,target_search,201.9122,74.7798
8,121,0,0,169.7465,0,0,target_search,189.7359,83.2071
8,121,1,5,434.5397,0,1,target_search,201.9122,74.7798
8,122,0,0,168.783,0,0,target_search,190.6261,82.7514
8,122,1,5,434.5397,0,1,target_search,201.9122,74.7798
8,123,0,0,167.8199,0,0,target_search,191.5162,82.2956
8,123,1,5,434.5397,0,1,target_search,201.9122,74.7798
8,124,0,0,166.8573,0,0,target_search,192.4063,81.8399
8,124,1,5,434.5397,0,1,target_search,201.9122,74.7798
8,125,0,0,165.8951,0,0,target_search,193.2964,81.3842
8,125,1,5,434.5397,0,1,target_search,201.9122,74.7798
8,126,0,0,164.9334,0,0,target_search,194.1865,80.9285
8,126,1,5,434.5397,0,1,target_search,201.9122,74.7798
8,127,0,0,164.0782,0,0,target_search,194.9262,80.2555
8,127,1,5,434.5397,0,1,target_search,201.9122,74.7798
8,128,0,0,163.2248,0,0,target_search,195.6659,79.5825
8,128,1,5,434.5397,0,1,target_search,201.9122,74.7798
8,129,0,0,162.3729,0,0,target_search,196.4056,78.9096
8,129,1,5,434.5397,0,1,target_search,201.9122,74.7798
8,130,0,0,161.5228,0,0,target_search,197.1452,78.2366
8,130,1,5,434.5397,0,1,target_search,201.9122,74.7798
8,131,0,0,160.6744,0,0,target_search,197.8849,77.5636
8,131,1,5,434.5397,0,1,target_search,201.9122,74.7798
8,132,0,0,159.8278,0,0,target_search,198.6246,76.8907
8,132,1,5,434.5397,0,1,target_search,201.9122,74.7798
8,133,0,0,158.9829,0,0,target_search,199.3642,76.2177
8,133,1,5,434.5397,0,1,target_search,201.9122,74.7798
8,134,0,0,158.5611,0,0,target_search,199.7341,75.8812
8,134,1,5,434.5397,0,1,target_search,201.9122,74.7798
8,135,0,0,158.5611,0,1,target_search,199.7341,75.8812
8,135,1,5,434.5397,0,1,target_search,201.9122,74.7798
8,136,0,0,158.5611,0,1,target_search,199.7341,75.8812
8,136,1,5,434.5397,0,1,target_search,201.9122,74.7798
8,137,0,0,158.5611,0,1,target_search,199.7341,75.8812
8,137,1,5,434.5397,0,1,target_search,201.9122,74.7798
8,138,0,0,158.5611,0,1,target_search,199.7341,75.8812
8,138,1,5,434.5397,0,1,target_search,201.9122,74.7798
8,139,0,0,158.5611,0,1,target_search,199.7341,75.8812
8,139,1,5,434.5397,0,1,target_search,201.9122,74.7798
8,140,0,0,158.5611,0,1,target_search,199.7341,75.8812
8,140,1,5,434.5397,0,1,target_search,201.9122,74.7798
8,141,0,0,158.5611,0,1,target_search,199.7341,75.8812
8,141,1,5,434.5397,0,1,target_search,201.9122,74.7798
8,142,0,0,158.5611,0,1,target_search,199.7341,75.8812
8,142,1,5,434.5397,0,1,target_search,201.9122,74.7798
8,143,0,0,158.5611,0,1,target_search,199.7341,75.8812
8,143,1,5,434.5397,0,1,target_search,201.9122,74.7798
8,144,0,0,158.5611,0,1,target_search,199.7341,75.8812
8,144,1,5,434.5397,0,1,target_search,201.9122,74.7798
8,145,0,0,158.5611,0,1,target_search,199.7341,75.8812
8,145,1,5,434.5397,0,1,target_search,201.9122,74.7798
8,146,0,0,158.5611,0,1,target_search,199.7341,75.8812
8,146,1,5,434.5397,0,1,target_search,201.9122,74.7798
8,147,0,0,158.5611,0,1,target_search,199.7341,75.8812
8,147,1,5,434.5397,0,1,target_search,201.9122,74.7798
8,148,0,0,158.5611,0,1,target_search,199.7341,75.8812
8,148,1,5,434.5397,0,1,target_search,201.9122,74.7798
8,149,0,0,158.5611,0,1,target_search,199.7341,75.8812
8,149,1,5,434.5397,0,1,target_search,201.9122,74.7798
8,150,0,0,158.5611,0,1,target_search,199.7341,75.8812
8,150,1,5,434.5397,0,1,target_search,201.9122,74.7798
8,151,0,0,158.5611,0,1,target_search,199.7341,75.8812
8,151,1,5,434.5397,0,1,target_search,201.9122,74.7798
8,152,0,0,158.5611,0,1,target_search,199.7341,75.8812
8,152,1,5,434.5397,0,1,target_search,201.9122,74.7798
8,153,0,0,158.5611,0,1,target_search,199.7341,75.8812
8,153,1,5,434.5397,0,1,target_search,201.9122,74.7798
8,154,0,0,158.5611,0,1,target_search,199.7341,75.8812
8,154,1,5,434.5397,0,1,target_search,201.9122,74.7798
8,155,0,0,158.5611,0,1,target_search,199.7341,75.8812
8,155,1,5,434.5397,0,1,target_search,201.9122,74.7798
8,156,0,0,158.5611,0,1,target_search,199.7341,75.8812
8,156,1,5,434.5397,0,1,target_search,201.9122,74.7798
8,157,0,0,158.5611,0,1,target_search,199.7341,75.8812
8,157,1,5,434.5397,0,1,target_search,201.9122,74.7798
8,158,0,0,158.5611,0,1,target_search,199.7341,75.8812
8,158,1,5,434.5397,0,1,target_search,201.9122,74.7798
8,159,0,0,158.5611,0,1,target_search,199.7341,75.8812
8,159,1,5,434.5397,0,1,target_search,201.9122,74.7798
8,160,0,0,158.5611,0,1,target_search,199.7341,75.8812
8,160,1,5,434.5397,0,1,target_search,201.9122,74.7798
8,161,0,0,158.5611,0,1,target_search,199.7341,75.8812
8,161,1,5,434.5397,0,1,target_search,201.9122,74.7798
8,162,0,0,158.5611,0,1,target_search,199.7341,75.8812
8,162,1,5,434.5397,0,1,target_search,201.9122,74.7798
8,163,0,0,158.5611,0,1,target_search,199.7341,75.8812
8,163,1,5,434.5397,0,1,target_search,201.9122,74.7798
8,164,0,0,158.5611,0,1,target_search,199.7341,75.8812
8,164,1,5,434.5397,0,1,target_search,201.9122,74.7798
8,165,0,0,158.5611,0,1,target_search,199.7341,75.8812
8,165,1,5,434.5397,0,1,target_search,201.9122,74.7798
8,166,0,0,158.5611,0,1,target_search,199.7341,75.8812
8,166,1,5,434.5397,0,1,target_search,201.9122,74.7798
8,167,0,0,158.5611,0,1,target_search,199.7341,75.8812
8,167,1,5,434.5397,0,1,target_search,201.9122,74.7798
8,168,0,0,158.5611,0,1,target_search,199.7341,75.8812
8,168,1,5,434.5397,0,1,target_search,201.9122,74.7798
8,169,0,0,158.5611,0,1,target_search,199.7341,75.8812
8,169,1,5,434.5397,0,1,target_search,201.9122,74.7798
8,170,0,0,158.5611,0,1,target_search,199.7341,75.8812
8,170,1,5,434.5397,0,1,target_search,201.9122,74.7798
8,171,0,0,158.5611,0,1,target_search,199.7341,75.8812
8,171,1,5,434.5397,0,1,target_search,201.9122,74.7798
8,172,0,0,158.5611,0,1,target_search,199.7341,75.8812
8,172,1,5,434.5397,0,1,target_search,201.9122,74.7798
8,173,0,0,158.5611,0,1,target_search,199.7341,75.8812
8,173,1,5,434.5397,0,1,target_search,201.9122,74.7798
8,174,0,0,158.5611,0,1,target_search,199.7341,75.8812
8,174,1,5,434.5397,0,1,target_search,201.9122,74.7798
8,175,0,0,158.5611,0,1,target_search,199.7341,75.8812
8,175,1,5,434.5397,0,1,target_search,201.9122,74.7798
8,176,0,0,158.5611,0,1,target_search,199.7341,75.8812
8,176,1,5,434.5397,0,1,target_search,201.9122,74.7798
8,177,0,0,158.5611,0,1,target_search,199.7341,75.8812
8,177,1,5,434.5397,0,1,target_search,201.9122,74.7798
8,178,0,0,158.5611,0,1,target_search,199.7341,75.8812
8,178,1,5,434.5397,0,1,target_search,201.9122,74.7798
8,179,0,0,158.5611,0,1,target_search,199.7341,75.8812
8,179,1,5,434.5397,0,1,target_search,201.9122,74.7798
8,180,0,0,158.5611,0,1,target_search,199.7341,75.8812
8,180,1,5,434.5397,0,1,target_search,201.9122,74.7798
8,181,0,0,158.5611,0,1,target_search,199.7341,75.8812
8,181,1,5,434.5397,0,1,target_search,201.9122,74.7798
8,182,0,0,158.5611,0,1,target_search,199.7341,75.8812
8,182,1,5,434.5397,0,1,target_search,201.9122,74.7798
8,183,0,0,158.5611,0,1,target_search,199.7341,75.8812
8,183,1,5,434.5397,0,1,target_search,201.9122,74.7798
8,184,0,0,158.5611,0,1,target_search,199.7341,75.8812
8,184,1,5,434.5397,0,1,target_search,201.9122,74.7798
8,185,0,0,158.5611,0,1,target_search,199.7341,75.8812
8,185,1,5,434.5397,0,1,target_search,201.9122,74.7798
8,186,0,0,158.5611,0,1,target_search,199.7341,75.8812
8,186,1,5,434.5397,0,1,target_search,201.9122,74.7798
8,187,0,0,158.5611,0,1,target_search,199.7341,75.8812
8,187,1,5,434.5397,0,1,target_search,201.9122,74.7798
8,188,0,0,158.5611,0,1,target_search,199.7341,75.8812
8,188,1,5,434.5397,0,1,target_search,201.9122,74.7798
8,189,0,0,158.5611,0,1,target_search,199.7341,75.8812
8,189,1,5,434.5397,0,1,target_search,201.9122,74.7798
8,190,0,0,158.5611,0,1,target_search,199.7341,75.8812
8,190,1,5,434.5397,0,1,target_search,201.9122,74.7798
8,191,0,0,158.5611,0,1,target_search,199.7341,75.8812
8,191,1,5,434.5397,0,1,target_search,201.9122,74.7798
8,192,0,0,158.5611,0,1,target_search,199.7341,75.8812
8,192,1,5,434.5397,0,1,target_search,201.9122,74.7798
8,193,0,0,158.5611,0,1,target_search,199.7341,75.8812
8,193,1,5,434.5397,0,1,target_search,201.9122,74.7798
8,194,0,0,158.5611,0,1,target_search,199.7341,75.8812
8,194,1,5,434.5397,0,1,target_search,201.9122,74.7798
8,195,0,0,158.5611,0,1,target_search,199.7341,75.8812
8,195,1,5,434.5397,0,1,target_search,201.9122,74.7798
8,196,0,0,158.5611,0,1,target_search,199.7341,75.8812
8,196,1,5,434.5397,0,1,target_search,201.9122,74.7798
8,197,0,0,158.5611,0,1,target_search,199.7341,75.8812
8,197,1,5,434.5397,0,1,target_search,201.9122,74.7798
8,198,0,0,158.5611,0,1,target_search,199.7341,75.8812
8,198,1,5,434.5397,0,1,target_search,201.9122,74.7798
8,199,0,0,158.5611,0,1,target_search,199.7341,75.8812
8,199,1,5,434.5397,0,1,target_search,201.9122,74.7798
8,200,0,0,158.5611,0,1,target_search,199.7341,75.8812
8,200,1,5,434.5397,0,1,target_search,201.9122,74.7798
8,201,0,0,158.5611,0,1,target_search,199.7341,75.8812
8,201,1,5,434.5397,0,1,target_search,201.9122,74.7798
8,202,0,0,158.5611,0,1,target_search,199.7341,75.8812
8,202,1,5,434.5397,0,1,target_search,201.9122,74.7798
8,203,0,0,158.5611,0,1,target_search,199.7341,75.8812
8,203,1,5,434.5397,0,1,target_search,201.9122,74.7798
8,204,0,0,158.5611,0,1,target_search,199.7341,75.8812
8,204,1,5,434.5397,0,1,target_search,201.9122,74.7798
8,205,0,0,158.5611,0,1,target_search,199.7341,75.8812
8,205,1,5,434.5397,0,1,target_search,201.9122,74.7798
8,206,0,0,158.5611,0,1,target_search,199.7341,75.8812
8,206,1,5,434.5397,0,1,target_search,201.9122,74.7798
8,207,0,0,158.5611,0,1,target_search,199.7341,75.8812
8,207,1,5,434.5397,0,1,target_search,201.9122,74.7798
8,208,0,0,158.5611,0,1,target_search,199.7341,75.8812
8,208,1,5,434.5397,0,1,target_search,201.9122,74.7798
8,209,0,0,158.5611,0,1,target_search,199.7341,75.8812
8,209,1,5,434.5397,0,1,target_search,201.9122,74.7798
8,210,0,0,158.5611,0,1,target_search,199.7341,75.8812
8,210,1,5,434.5397,0,1,target_search,201.9122,74.7798
8,211,0,0,158.5611,0,1,target_search,199.7341,75.8812
8,211,1,5,434.5397,0,1,target_search,201.9122,74.7798
8,212,0,0,158.5611,0,1,target_search,199.7341,75.8812
8,212,1,5,434.5397,0,1,target_search,201.9122,74.7798
8,213,0,0,158.5611,0,1,target_search,199.7341,75.8812
8,213,1,5,434.5397,0,1,target_search,201.9122,74.7798
8,214,0,0,158.5611,0,1,target_search,199.7341,75.8812
8,214,1,5,434.5397,0,1,target_search,201.9122,74.7798
8,215,0,0,158.5611,0,1,target_search,199.7341,75.8812
8,215,1,5,434.5397,0,1,target_search,201.9122,74.7798
8,216,0,0,158.5611,0,1,target_search,199.7341,75.8812
8,216,1,5,434.5397,0,1,target_search,201.9122,74.7798
8,217,0,0,158.5611,0,1,target_search,199.7341,75.8812
8,217,1,5,434.5397,0,1,target_search,201.9122,74.7798
8,218,0,0,158.5611,0,1,target_search,199.7341,75.8812
8,218,1,5,434.5397,0,1,target_search,201.9122,74.7798
8,219,0,0,158.5611,0,1,target_search,199.7341,75.8812
8,219,1,5,434.5397,0,1,target_search,201.9122,74.7798
8,220,0,0,158.5611,0,1,target_search,199.7341,75.8812
8,220,1,5,434.5397,0,1,target_search,201.9122,74.7798
8,221,0,0,158.5611,0,1,target_search,199.7341,75.8812
8,221,1,5,434.5397,0,1,target_search,201.9122,74.7798
8,222,0,0,158.5611,0,1,target_search,199.7341,75.8812
8,222,1,5,434.5397,0,1,target_search,201.9122,74.7798
8,223,0,0,158.5611,0,1,target_search,199.7341,75.8812
8,223,1,5,434.5397,0,1,target_search,201.9122,74.7798
8,224,0,0,158.5611,0,1,target_search,199.7341,75.8812
8,224,1,5,434.5397,0,1,target_search,201.9122,74.7798
8,225,0,0,158.5611,0,1,target_search,199.7341,75.8812
8,225,1,5,434.5397,0,1,target_search,201.9122,74.7798
8,226,0,0,158.5611,0,1,target_search,199.7341,75.8812
8,226,1,5,434.5397,0,1,target_search,201.9122,74.7798
8,227,0,0,158.5611,0,1,target_search,199.7341,75.8812
8,227,1,5,434.5397,0,1,target_search,201.9122,74.7798
8,228,0,0,158.5611,0,1,target_search,199.7341,75.8812
8,228,1,5,434.5397,0,1,target_search,201.9122,74.7798
8,229,0,0,158.5611,0,1,target_search,199.7341,75.8812
8,229,1,5,434.5397,0,1,target_search,201.9122,74.7798
8,230,0,0,158.5611,0,1,target_search,199.7341,75.8812
8,230,1,5,434.5397,0,1,target_search,201.9122,74.7798
8,231,0,0,158.5611,0,1,target_search,199.7341,75.8812
8,231,1,5,434.5397,0,1,target_search,201.9122,74.7798
8,232,0,0,158.5611,0,1,target_search,199.7341,75.8812
8,232,1,5,434.5397,0,1,target_search,201.9122,74.7798
8,233,0,0,158.5611,0,1,target_search,199.7341,75.8812
8,233,1,5,434.5397,0,1,target_search,201.9122,74.7798
8,234,0,0,158.5611,0,1,target_search,199.7341,75.8812
8,234,1,5,434.5397,0,1,target_search,201.9122,74.7798
8,235,0,0,158.5611,0,1,target_search,199.7341,75.8812
8,235,1,5,434.5397,0,1,target_search,201.9122,74.7798
8,236,0,0,158.5611,0,1,target_search,199.7341,75.8812
8,236,1,5,434.5397,0,1,target_search,201.9122,74.7798
8,237,0,0,158.5611,0,1,target_search,199.7341,75.8812
8,237,1,5,434.5397,0,1,target_search,201.9122,74.7798
8,238,0,0,158.5611,0,1,target_search,199.7341,75.8812
8,238,1,5,434.5397,0,1,target_search,201.9122,74.7798
8,239,0,0,158.5611,0,1,target_search,199.7341,75.8812
8,239,1,5,434.5397,0,1,target_search,201.9122,74.7798
8,240,0,0,158.5611,0,1,target_search,199.7341,75.8812
8,240,1,5,434.5397,0,1,target_search,201.9122,74.7798
8,241,0,0,158.5611,0,1,target_search,199.7341,75.8812
8,241,1,5,434.5397,0,1,target_search,201.9122,74.7798
8,242,0,0,158.5611,0,1,target_search,199.7341,75.8812
8,242,1,5,434.5397,0,1,target_search,201.9122,74.7798
8,243,0,0,158.5611,0,1,target_search,199.7341,75.8812
8,243,1,5,434.5397,0,1,target_search,201.9122,74.7798
8,244,0,0,158.5611,0,1,target_search,199.7341,75.8812
8,244,1,5,434.5397,0,1,target_search,201.9122,74.7798
8,245,0,0,158.5611,0,1,target_search,199.7341,75.8812
8,245,1,5,434.5397,0,1,target_search,201.9122,74.7798
8,246,0,0,158.5611,0,1,target_search,199.7341,75.8812
8,246,1,5,434.5397,0,1,target_search,201.9122,74.7798
8,247,0,0,158.5611,0,1,target_search,199.7341,75.8812
8,247,1,5,434.5397,0,1,target_search,201.9122,74.7798
8,248,0,0,158.5611,0,1,target_search,199.7341,75.8812
8,248,1,5,434.5397,0,1,target_search,201.9122,74.7798
8,249,0,0,158.5611,0,1,target_search,199.7341,75.8812
8,249,1,5,434.5397,0,1,target_search,201.9122,74.7798
8,250,0,0,158.5611,0,1,target_search,199.7341,75.8812
8,250,1,5,434.5397,0,1,target_search,201.9122,74.7798
8,251,0,0,158.5611,0,1,target_search,199.7341,75.8812
8,251,1,5,434.5397,0,1,target_search,201.9122,74.7798
8,252,0,0,158.5611,0,1,target_search,199.7341,75.8812
8,252,1,5,434.5397,0,1,target_search,201.9122,74.7798
8,253,0,0,158.5611,0,1,target_search,199.7341,75.8812
8,253,1,5,434.5397,0,1,target_search,201.9122,74.7798
8,254,0,0,158.5611,0,1,target_search,199.7341,75.8812
8,254,1,5,434.5397,0,1,target_search,201.9122,74.7798
8,255,0,0,158.5611,0,1,target_search,199.7341,75.8812
8,255,1,5,434.5397,0,1,target_search,201.9122,74.7798
8,256,0,0,158.5611,0,1,target_search,199.7341,75.8812
8,256,1,5,434.5397,0,1,target_search,201.9122,74.7798
8,257,0,0,158.5611,0,1,target_search,199.7341,75.8812
8,257,1,5,434.5397,0,1,target_search,201.9122,74.7798
8,258,0,0,158.5611,0,1,target_search,199.7341,75.8812
8,258,1,5,434.5397,0,1,target_search,201.9122,74.7798
8,259,0,0,158.5611,0,1,target_search,199.7341,75.8812
8,259,1,5,434.5397,0,1,target_search,201.9122,74.7798
8,260,0,0,158.5611,0,1,target_search,199.7341,75.8812
8,260,1,5,434.5397,0,1,target_search,201.9122,74.7798
8,261,0,0,158.5611,0,1,target_search,199.7341,75.8812
8,261,1,5,434.5397,0,1,target_search,201.9122,74.7798
8,262,0,0,158.5611,0,1,target_search,199.7341,75.8812
8,262,1,5,434.5397,0,1,target_search,201.9122,74.7798
8,263,0,0,158.5611,0,1,target_search,199.7341,75.8812
8,263,1,5,434.5397,0,1,target_search,201.9122,74.7798
8,264,0,0,158.5611,0,1,target_search,199.7341,75.8812
8,264,1,5,434.5397,0,1,target_search,201.9122,74.7798
8,265,0,0,158.5611,0,1,target_search,199.7341,75.8812
8,265,1,5,434.5397,0,1,target_search,201.9122,74.7798
8,266,0,0,158.5611,0,1,target_search,199.7341,75.8812
8,266,1,5,434.5397,0,1,target_search,201.9122,74.7798
8,267,0,0,158.5611,0,1,target_search,199.7341,75.8812
8,267,1,5,434.5397,0,1,target_search,201.9122,74.7798
8,268,0,0,158.5611,0,1,target_search,199.7341,75.8812
8,268,1,5,434.5397,0,1,target_search,201.9122,74.7798
8,269,0,0,158.5611,0,1,target_search,199.7341,75.8812
8,269,1,5,434.5397,0,1,target_search,201.9122,74.7798
8,270,0,0,158.5611,0,1,target_search,199.7341,75.8812
8,270,1,5,434.5397,0,1,target_search,201.9122,74.7798
8,271,0,0,158.5611,0,1,target_search,199.7341,75.8812
8,271,1,5,434.5397,0,1,target_search,201.9122,74.7798
8,272,0,0,158.5611,0,1,target_search,199.7341,75.8812
8,272,1,5,434.5397,0,1,target_search,201.9122,74.7798
8,273,0,0,158.5611,0,1,target_search,199.7341,75.8812
8,273,1,5,434.5397,0,1,target_search,201.9122,74.7798
8,274,0,0,158.5611,0,1,target_search,199.7341,75.8812
8,274,1,5,434.5397,0,1,target_search,201.9122,74.7798
8,275,0,0,158.5611,0,1,target_search,199.7341,75.8812
8,275,1,5,434.5397,0,1,target_search,201.9122,74.7798
8,276,0,0,158.5611,0,1,target_search,199.7341,75.8812
8,276,1,5,434.5397,0,1,target_search,201.9122,74.7798
8,277,0,0,158.5611,0,1,target_search,199.7341,75.8812
8,277,1,5,434.5397,0,1,target_search,201.9122,74.7798
8,278,0,0,158.5611,0,1,target_search,199.7341,75.8812
8,278,1,5,434.5397,0,1,target_search,201.9122,74.7798
8,279,0,0,158.5611,0,1,target_search,199.7341,75.8812
8,279,1,5,434.5397,0,1,target_search,201.9122,74.7798
8,280,0,0,158.5611,0,1,target_search,199.7341,75.8812
8,280,1,5,434.5397,0,1,target_search,201.9122,74.7798
8,281,0,0,158.5611,0,1,target_search,199.7341,75.8812
8,281,1,5,434.5397,0,1,target_search,201.9122,74.7798
8,282,0,0,158.5611,0,1,target_search,199.7341,75.8812
8,282,1,5,434.5397,0,1,target_search,201.9122,74.7798
8,283,0,0,158.5611,0,1,target_search,199.7341,75.8812
8,283,1,5,434.5397,0,1,target_search,201.9122,74.7798
8,284,0,0,158.5611,0,1,target_search,199.7341,75.8812
8,284,1,5,434.5397,0,1,target_search,201.9122,74.7798
8,285,0,0,158.5611,0,1,target_search,199.7341,75.8812
8,285,1,5,434.5397,0,1,target_search,201.9122,74.7798
8,286,0,0,158.5611,0,1,target_search,199.7341,75.8812
8,286,1,5,434.5397,0,1,target_search,201.9122,74.7798
8,287,0,0,158.5611,0,1,target_search,199.7341,75.8812
8,287,1,5,434.5397,0,1,target_search,201.9122,74.7798
8,288,0,0,158.5611,0,1,target_search,199.7341,75.8812
8,288,1,5,434.5397,0,1,target_search,201.9122,74.7798
8,289,0,0,158.5611,0,1,target_search,199.7341,75.8812
8,289,1,5,434.5397,0,1,target_search,201.9122,74.7798
8,290,0,0,158.5611,0,1,target_search,199.7341,75.8812
8,290,1,5,434.5397,0,1,target_search,201.9122,74.7798
8,291,0,0,158.5611,0,1,target_search,199.7341,75.8812
8,291,1,5,434.5397,0,1,target_search,201.9122,74.7798
8,292,0,0,158.5611,0,1,target_search,199.7341,75.8812
8,292,1,5,434.5397,0,1,target_search,201.9122,74.7798
8,293,0,0,158.5611,0,1,target_search,199.7341,75.8812
8,293,1,5,434.5397,0,1,target_search,201.9122,74.7798
8,294,0,0,158.5611,0,1,target_search,199.7341,75.8812
8,294,1,5,434.5397,0,1,target_search,201.9122,74.7798
8,295,0,0,158.5611,0,1,target_search,199.7341,75.8812
8,295,1,5,434.5397,0,1,target_search,201.9122,74.7798
8,296,0,0,158.5611,0,1,target_search,199.7341,75.8812
8,296,1,5,434.5397,0,1,target_search,201.9122,74.7798
8,297,0,0,158.5611,0,1,target_search,199.7341,75.8812
8,297,1,5,434.5397,0,1,target_search,201.9122,74.7798
8,298,0,0,158.5611,0,1,target_search,199.7341,75.8812
8,298,1,5,434.5397,0,1,target_search,201.9122,74.7798
8,299,0,0,158.5611,0,1,target_search,199.7341,75.8812
8,299,1,5,434.5397,0,1,target_search,201.9122,74.7798
8,300,0,0,158.5611,0,1,target_search,199.7341,75.8812
8,300,1,5,434.5397,0,1,target_search,201.9122,74.7798
8,301,0,0,158.5611,0,1,target_search,199.7341,75.8812
8,301,1,5,434.5397,0,1,target_search,201.9122,74.7798
8,302,0,0,158.5611,0,1,target_search,199.7341,75.8812
8,302,1,5,434.5397,0,1,target_search,201.9122,74.7798
8,303,0,0,158.5611,0,1,target_search,199.7341,75.8812
8,303,1,5,434.5397,0,1,target_search,201.9122,74.7798
8,304,0,0,158.5611,0,1,target_search,199.7341,75.8812
8,304,1,5,434.5397,0,1,target_search,201.9122,74.7798
8,305,0,0,158.5611,0,1,target_search,199.7341,75.8812
8,305,1,5,434.5397,0,1,target_search,201.9122,74.7798
8,306,0,0,158.5611,0,1,target_search,199.7341,75.8812
8,306,1,5,434.5397,0,1,target_search,201.9122,74.7798
8,307,0,0,158.5611,0,1,target_search,199.7341,75.8812
8,307,1,5,434.5397,0,1,target_search,201.9122,74.7798
8,308,0,0,158.5611,0,1,target_search,199.7341,75.8812
8,308,1,5,434.5397,0,1,target_search,201.9122,74.7798
8,309,0,0,158.5611,0,1,target_search,199.7341,75.8812
8,309,1,5,434.5397,0,1,target_search,201.9122,74.7798
8,310,0,0,158.5611,0,1,target_search,199.7341,75.8812
8,310,1,5,434.5397,0,1,target_search,201.9122,74.7798
8,311,0,0,158.5611,0,1,target_search,199.7341,75.8812
8,311,1,5,434.5397,0,1,target_search,201.9122,74.7798
8,312,0,0,158.5611,0,1,target_search,199.7341,75.8812
8,312,1,5,434.5397,0,1,target_search,201.9122,74.7798
8,313,0,0,158.5611,0,1,target_search,199.7341,75.8812
8,313,1,5,434.5397,0,1,target_search,201.9122,74.7798
8,314,0,0,158.5611,0,1,target_search,199.7341,75.8812
8,314,1,5,434.5397,0,1,target_search,201.9122,74.7798
8,315,0,0,158.5611,0,1,target_search,199.7341,75.8812
8,315,1,5,434.5397,0,1,target_search,201.9122,74.7798
8,316,0,0,158.5611,0,1,target_search,199.7341,75.8812
8,316,1,5,434.5397,0,1,target_search,201.9122,74.7798
8,317,0,0,158.5611,0,1,target_search,199.7341,75.8812
8,317,1,5,434.5397,0,1,target_search,201.9122,74.7798
8,318,0,0,158.5611,0,1,target_search,199.7341,75.8812
8,318,1,5,434.5397,0,1,target_search,201.9122,74.7798
8,319,0,0,158.5611,0,1,target_search,199.7341,75.8812
8,319,1,5,434.5397,0,1,target_search,201.9122,74.7798
8,320,0,0,158.5611,0,1,target_search,199.7341,75.8812
8,320,1,5,434.5397,0,1,target_search,201.9122,74.7798
8,321,0,0,158.5611,0,1,target_search,199.7341,75.8812
8,321,1,5,434.5397,0,1,target_search,201.9122,74.7798
8,322,0,0,158.5611,0,1,target_search,199.7341,75.8812
8,322,1,5,434.5397,0,1,target_search,201.9122,74.7798
8,323,0,0,158.5611,0,1,target_search,199.7341,75.8812
8,323,1,5,434.5397,0,1,target_search,201.9122,74.7798
8,324,0,0,158.5611,0,1,target_search,199.7341,75.8812
8,324,1,5,434.5397,0,1,target_search,201.9122,74.7798
8,325,0,0,158.5611,0,1,target_search,199.7341,75.8812
8,325,1,5,434.5397,0,1,target_search,201.9122,74.7798
8,326,0,0,158.5611,0,1,target_search,199.7341,75.8812
8,326,1,5,434.5397,0,1,target_search,201.9122,74.7798
8,327,0,0,158.5611,0,1,target_search,199.7341,75.8812
8,327,1,5,434.5397,0,1,target_search,201.9122,74.7798
8,328,0,0,158.5611,0,1,target_search,199.7341,75.8812
8,328,1,5,434.5397,0,1,target_search,201.9122,74.7798
8,329,0,0,158.5611,0,1,target_search,199.7341,75.8812
8,329,1,5,434.5397,0,1,target_search,201.9122,74.7798
8,330,0,0,158.5611,0,1,target_search,199.7341,75.8812
8,330,1,5,434.5397,0,1,target_search,201.9122,74.7798
8,331,0,0,158.5611,0,1,target_search,199.7341,75.8812
8,331,1,5,434.5397,0,1,target_search,201.9122,74.7798
8,332,0,0,158.5611,0,1,target_search,199.7341,75.8812
8,332,1,5,434.5397,0,1,target_search,201.9122,74.7798
8,333,0,0,158.5611,0,1,target_search,199.7341,75.8812
8,333,1,5,434.5397,0,1,target_search,201.9122,74.7798
8,334,0,0,158.5611,0,1,target_search,199.7341,75.8812
8,334,1,5,434.5397,0,1,target_search,201.9122,74.7798
8,335,0,0,158.5611,0,1,target_search,199.7341,75.8812
8,335,1,5,434.5397,0,1,target_search,201.9122,74.7798
8,336,0,0,158.5611,0,1,target_search,199.7341,75.8812
8,336,1,5,434.5397,0,1,target_search,201.9122,74.7798
8,337,0,0,158.5611,0,1,target_search,199.7341,75.8812
8,337,1,5,434.5397,0,1,target_search,201.9122,74.7798
8,338,0,0,158.5611,0,1,target_search,199.7341,75.8812
8,338,1,5,434.5397,0,1,target_search,201.9122,74.7798
8,339,0,0,158.5611,0,1,target_search,199.7341,75.8812
8,339,1,5,434.5397,0,1,target_search,201.9122,74.7798
8,340,0,0,158.5611,0,1,target_search,199.7341,75.8812
8,340,1,5,434.5397,0,1,target_search,201.9122,74.7798
8,341,0,0,158.5611,0,1,target_search,199.7341,75.8812
8,341,1,5,434.5397,0,1,target_search,201.9122,74.7798
8,342,0,0,158.5611,0,1,target_search,199.7341,75.8812
8,342,1,5,434.5397,0,1,target_search,201.9122,74.7798
8,343,0,0,158.5611,0,1,target_search,199.7341,75.8812
8,343,1,5,434.5397,0,1,target_search,201.9122,74.7798
8,344,0,0,158.5611,0,1,target_search,199.7341,75.8812
8,344,1,5,434.5397,0,1,target_search,201.9122,74.7798
8,345,0,0,158.5611,0,1,target_search,199.7341,75.8812
8,345,1,5,434.5397,0,1,target_search,201.9122,74.7798
8,346,0,0,158.5611,0,1,target_search,199.7341,75.8812
8,346,1,5,434.5397,0,1,target_search,201.9122,74.7798
8,347,0,0,158.5611,0,1,target_search,199.7341,75.8812
8,347,1,5,434.5397,0,1,target_search,201.9122,74.7798
8,348,0,0,158.5611,0,1,target_search,199.7341,75.8812
8,348,1,5,434.5397,0,1,target_search,201.9122,74.7798
8,349,0,0,158.5611,0,1,target_search,199.7341,75.8812
8,349,1,5,434.5397,0,1,target_search,201.9122,74.7798
8,350,0,0,158.5611,0,1,target_search,199.7341,75.8812
8,350,1,5,434.5397,0,1,target_search,201.9122,74.7798
8,351,0,0,158.5611,0,1,target_search,199.7341,75.8812
8,351,1,5,434.5397,0,1,target_search,201.9122,74.7798
8,352,0,0,158.5611,0,1,target_search,199.7341,75.8812
8,352,1,5,434.5397,0,1,target_search,201.9122,74.7798
8,353,0,0,158.5611,0,1,target_search,199.7341,75.8812
8,353,1,5,434.5397,0,1,target_search,201.9122,74.7798
8,354,0,0,158.5611,0,1,target_search,199.7341,75.8812
8,354,1,5,434.5397,0,1,target_search,201.9122,74.7798
8,355,0,0,158.5611,0,1,target_search,199.7341,75.8812
8,355,1,5,434.5397,0,1,target_search,201.9122,74.7798
8,356,0,0,158.5611,0,1,target_search,199.7341,75.8812
8,356,1,5,434.5397,0,1,target_search,201.9122,74.7798
8,357,0,0,158.5611,0,1,target_search,199.7341,75.8812
8,357,1,5,434.5397,0,1,target_search,201.9122,74.7798
8,358,0,0,158.5611,0,1,target_search,199.7341,75.8812
8,358,1,5,434.5397,0,1,target_search,201.9122,74.7798
8,359,0,0,158.5611,0,1,target_search,199.7341,75.8812
8,359,1,5,434.5397,0,1,target_search,201.9122,74.7798
8,360,0,0,158.5611,0,1,target_search,199.7341,75.8812
8,360,1,5,434.5397,0,1,target_search,201.9122,74.7798
8,361,0,0,158.5611,0,1,target_search,199.7341,75.8812
8,361,1,5,434.5397,0,1,target_search,201.9122,74.7798
8,362,0,0,158.5611,0,1,target_search,199.7341,75.8812
8,362,1,5,434.5397,0,1,target_search,201.9122,74.7798
8,363,0,0,158.5611,0,1,target_search,199.7341,75.8812
8,363,1,5,434.5397,0,1,target_search,201.9122,74.7798
8,364,0,0,158.5611,0,1,target_search,199.7341,75.8812
8,364,1,5,434.5397,0,1,target_search,201.9122,74.7798
8,365,0,0,158.5611,0,1,target_search,199.7341,75.8812
8,365,1,5,434.5397,0,1,target_search,201.9122,74.7798
8,366,0,0,158.5611,0,1,target_search,199.7341,75.8812
8,366,1,5,434.5397,0,1,target_search,201.9122,74.7798
8,367,0,0,158.5611,0,1,target_search,199.7341,75.8812
8,367,1,5,434.5397,0,1,target_search,201.9122,74.7798
8,368,0,0,158.5611,0,1,target_search,199.7341,75.8812
8,368,1,5,434.5397,0,1,target_search,201.9122,74.7798
8,369,0,0,158.5611,0,1,target_search,199.7341,75.8812
8,369,1,5,434.5397,0,1,target_search,201.9122,74.7798
8,370,0,0,158.5611,0,1,target_search,199.7341,75.8812
8,370,1,5,434.5397,0,1,target_search,201.9122,74.7798
8,371,0,0,158.5611,0,1,target_search,199.7341,75.8812
8,371,1,5,434.5397,0,1,target_search,201.9122,74.7798
8,372,0,0,158.5611,0,1,target_search,199.7341,75.8812
8,372,1,5,434.5397,0,1,target_search,201.9122,74.7798
8,373,0,0,158.5611,0,1,target_search,199.7341,75.8812
8,373,1,5,434.5397,0,1,target_search,201.9122,74.7798
8,374,0,0,158.5611,0,1,target_search,199.7341,75.8812
8,374,1,5,434.5397,0,1,target_search,201.9122,74.7798
8,375,0,0,158.5611,0,1,target_search,199.7341,75.8812
8,375,1,5,434.5397,0,1,target_search,201.9122,74.7798
8,376,0,0,158.5611,0,1,target_search,199.7341,75.8812
8,376,1,5,434.5397,0,1,target_search,201.9122,74.7798
8,377,0,0,158.5611,0,1,target_search,199.7341,75.8812
8,377,1,5,434.5397,0,1,target_search,201.9122,74.7798
8,378,0,0,158.5611,0,1,target_search,199.7341,75.8812
8,378,1,5,434.5397,0,1,target_search,201.9122,74.7798
8,379,0,0,158.5611,0,1,target_search,199.7341,75.8812
8,379,1,5,434.5397,0,1,target_search,201.9122,74.7798
8,380,0,0,158.5611,0,1,target_search,199.7341,75.8812
8,380,1,5,434.5397,0,1,target_search,201.9122,74.7798
8,381,0,0,158.5611,0,1,target_search,199.7341,75.8812
8,381,1,5,434.5397,0,1,target_search,201.9122,74.7798
8,382,0,0,158.5611,0,1,target_search,199.7341,75.8812
8,382,1,5,434.5397,0,1,target_search,201.9122,74.7798
8,383,0,0,158.5611,0,1,target_search,199.7341,75.8812
8,383,1,5,434.5397,0,1,target_search,201.9122,74.7798
8,384,0,0,158.5611,0,1,target_search,199.7341,75.8812
8,384,1,5,434.5397,0,1,target_search,201.9122,74.7798
8,385,0,0,158.5611,0,1,target_search,199.7341,75.8812
8,385,1,5,434.5397,0,1,target_search,201.9122,74.7798
8,386,0,0,158.5611,0,1,target_search,199.7341,75.8812
8,386,1,5,434.5397,0,1,target_search,201.9122,74.7798
8,387,0,0,158.5611,0,1,target_search,199.7341,75.8812
8,387,1,5,434.5397,0,1,target_search,201.9122,74.7798
8,388,0,0,158.5611,0,1,target_search,199.7341,75.8812
8,388,1,5,434.5397,0,1,target_search,201.9122,74.7798
8,389,0,0,158.5611,0,1,target_search,199.7341,75.8812
8,389,1,5,434.5397,0,1,target_search,201.9122,74.7798
8,390,0,0,158.5611,0,1,target_search,199.7341,75.8812
8,390,1,5,434.5397,0,1,target_search,201.9122,74.7798
8,391,0,0,158.5611,0,1,target_search,199.7341,75.8812
8,391,1,5,434.5397,0,1,target_search,201.9122,74.7798
8,392,0,0,158.5611,0,1,target_search,199.7341,75.8812
8,392,1,5,434.5397,0,1,target_search,201.9122,74.7798
8,393,0,0,158.5611,0,1,target_search,199.7341,75.8812
8,393,1,5,434.5397,0,1,target_search,201.9122,74.7798
8,394,0,0,158.5611,0,1,target_search,199.7341,75.8812
8,394,1,5,434.5397,0,1,target_search,201.9122,74.7798
8,395,0,0,158.5611,0,1,target_search,199.7341,75.8812
8,395,1,5,434.5397,0,1,target_search,201.9122,74.7798
8,396,0,0,158.5611,0,1,target_search,199.7341,75.8812
8,396,1,5,434.5397,0,1,target_search,201.9122,74.7798
8,397,0,0,158.5611,0,1,target_search,199.7341,75.8812
8,397,1,5,434.5397,0,1,target_search,201.9122,74.7798
8,398,0,0,158.5611,0,1,target_search,199.7341,75.8812
8,398,1,5,434.5397,0,1,target_search,201.9122,74.7798
8,399,0,0,158.5611,0,1,target_search,199.7341,75.8812
8,399,1,5,434.5397,0,1,target_search,201.9122,74.7798
8,400,0,0,158.5611,0,1,target_search,199.7341,75.8812
8,400,1,5,434.5397,0,1,target_search,201.9122,74.7798
8,401,0,0,158.5611,0,1,target_search,199.7341,75.8812
8,401,1,5,434.5397,0,1,target_search,201.9122,74.7798
8,402,0,0,158.5611,0,1,target_search,199.7341,75.8812
8,402,1,5,434.5397,0,1,target_search,201.9122,74.7798
8,403,0,0,158.5611,0,1,target_search,199.7341,75.8812
8,403,1,5,434.5397,0,1,target_search,201.9122,74.7798
8,404,0,0,158.5611,0,1,target_search,199.7341,75.8812
8,404,1,5,434.5397,0,1,target_search,201.9122,74.7798
8,405,0,0,158.5611,0,1,target_search,199.7341,75.8812
8,405,1,5,434.5397,0,1,target_search,201.9122,74.7798
8,406,0,0,158.5611,0,1,target_search,199.7341,75.8812
8,406,1,5,434.5397,0,1,target_search,201.9122,74.7798
8,407,0,0,158.5611,0,1,target_search,199.7341,75.8812
8,407,1,5,434.5397,0,1,target_search,201.9122,74.7798
8,408,0,0,158.5611,0,1,target_search,199.7341,75.8812
8,408,1,5,434.5397,0,1,target_search,201.9122,74.7798
8,409,0,0,158.5611,0,1,target_search,199.7341,75.8812
8,409,1,5,434.5397,0,1,target_search,201.9122,74.7798
8,410,0,0,158.5611,0,1,target_search,199.7341,75.8812
8,410,1,5,434.5397,0,1,target_search,201.9122,74.7798
8,411,0,0,158.5611,0,1,target_search,199.7341,75.8812
8,411,1,5,434.5397,0,1,target_search,201.9122,74.7798
8,412,0,0,158.5611,0,1,target_search,199.7341,75.8812
8,412,1,5,434.5397,0,1,target_search,201.9122,74.7798
8,413,0,0,158.5611,0,1,target_search,199.7341,75.8812
8,413,1,5,434.5397,0,1,target_search,201.9122,74.7798
8,414,0,0,158.5611,0,1,target_search,199.7341,75.8812
8,414,1,5,434.5397,0,1,target_search,201.9122,74.7798
8,415,0,0,158.5611,0,1,target_search,199.7341,75.8812
8,415,1,5,434.5397,0,1,target_search,201.9122,74.7798
8,416,0,0,158.5611,0,1,target_search,199.7341,75.8812
8,416,1,5,434.5397,0,1,target_search,201.9122,74.7798
8,417,0,0,158.5611,0,1,target_search,199.7341,75.8812
8,417,1,5,434.5397,0,1,target_search,201.9122,74.7798
8,418,0,0,158.5611,0,1,target_search,199.7341,75.8812
8,418,1,5,434.5397,0,1,target_search,201.9122,74.7798
8,419,0,0,158.5611,0,1,target_search,199.7341,75.8812
8,419,1,5,434.5397,0,1,target_search,201.9122,74.7798
8,420,0,0,158.5611,0,1,target_search,199.7341,75.8812
8,420,1,5,434.5397,0,1,target_search,201.9122,74.7798
8,421,0,0,158.5611,0,1,target_search,199.7341,75.8812
8,421,1,5,434.5397,0,1,target_search,201.9122,74.7798
8,422,0,0,158.5611,0,1,target_search,199.7341,75.8812
8,422,1,5,434.5397,0,1,target_search,201.9122,74.7798
8,423,0,0,158.5611,0,1,target_search,199.7341,75.8812
8,423,1,5,434.5397,0,1,target_search,201.9122,74.7798
8,424,0,0,158.5611,0,1,target_search,199.7341,75.8812
8,424,1,5,434.5397,0,1,target_search,201.9122,74.7798
8,425,0,0,158.5611,0,1,target_search,199.7341,75.8812
8,425,1,5,434.5397,0,1,target_search,201.9122,74.7798
8,426,0,0,158.5611,0,1,target_search,199.7341,75.8812
8,426,1,5,434.5397,0,1,target_search,201.9122,74.7798
8,427,0,0,158.5611,0,1,target_search,199.7341,75.8812
8,427,1,5,434.5397,0,1,target_search,201.9122,74.7798
8,428,0,0,158.5611,0,1,target_search,199.7341,75.8812
8,428,1,5,434.5397,0,1,target_search,201.9122,74.7798
8,429,0,0,158.5611,0,1,target_search,199.7341,75.8812
8,429,1,5,434.5397,0,1,target_search,201.9122,74.7798
8,430,0,0,158.5611,0,1,target_search,199.7341,75.8812
8,430,1,5,434.5397,0,1,target_search,201.9122,74.7798
8,431,0,0,158.5611,0,1,target_search,199.7341,75.8812
8,431,1,5,434.5397,0,1,target_search,201.9122,74.7798
8,432,0,0,158.5611,0,1,target_search,199.7341,75.8812
8,432,1,5,434.5397,0,1,target_search,201.9122,74.7798
8,433,0,0,158.5611,0,1,target_search,199.7341,75.8812
8,433,1,5,434.5397,0,1,target_search,201.9122,74.7798
8,434,0,0,158.5611,0,1,target_search,199.7341,75.8812
8,434,1,5,434.5397,0,1,target_search,201.9122,74.7798
8,435,0,0,158.5611,0,1,target_search,199.7341,75.8812
8,435,1,5,434.5397,0,1,target_search,201.9122,74.7798
8,436,0,0,158.5611,0,1,target_search,199.7341,75.8812
8,436,1,5,434.5397,0,1,target_search,201.9122,74.7798
8,437,0,0,158.5611,0,1,target_search,199.7341,75.8812
8,437,1,5,434.5397,0,1,target_search,201.9122,74.7798
8,438,0,0,158.5611,0,1,target_search,199.7341,75.8812
8,438,1,5,434.5397,0,1,target_search,201.9122,74.7798
8,439,0,0,158.5611,0,1,target_search,199.7341,75.8812
8,439,1,5,434.5397,0,1,target_search,201.9122,74.7798
8,440,0,0,158.5611,0,1,target_search,199.7341,75.8812
8,440,1,5,434.5397,0,1,target_search,201.9122,74.7798
8,441,0,0,158.5611,0,1,target_search,199.7341,75.8812
8,441,1,5,434.5397,0,1,target_search,201.9122,74.7798
8,442,0,0,158.5611,0,1,target_search,199.7341,75.8812
8,442,1,5,434.5397,0,1,target_search,201.9122,74.7798
8,443,0,0,158.5611,0,1,target_search,199.7341,75.8812
8,443,1,5,434.5397,0,1,target_search,201.9122,74.7798
8,444,0,0,158.5611,0,1,target_search,199.7341,75.8812
8,444,1,5,434.5397,0,1,target_search,201.9122,74.7798
8,445,0,0,158.5611,0,1,target_search,199.7341,75.8812
8,445,1,5,434.5397,0,1,target_search,201.9122,74.7798
8,446,0,0,158.5611,0,1,target_search,199.7341,75.8812
8,446,1,5,434.5397,0,1,target_search,201.9122,74.7798
8,447,0,0,158.5611,0,1,target_search,199.7341,75.8812
8,447,1,5,434.5397,0,1,target_search,201.9122,74.7798
8,448,0,0,158.5611,0,1,target_search,199.7341,75.8812
8,448,1,5,434.5397,0,1,target_search,201.9122,74.7798
8,449,0,0,158.5611,0,1,target_search,199.7341,75.8812
8,449,1,5,434.5397,0,1,target_search,201.9122,74.7798
8,450,0,0,158.5611,0,1,target_search,199.7341,75.8812
8,450,1,5,434.5397,0,1,target_search,201.9122,74.7798
16,2,0,0,90.0085,0,0,target_search,95.5688,105.2786
16,2,1,9,382.8685,0,0,target_search,193.3373,161.5099
16,3,0,0,89.0189,0,0,target_search,96.2413,104.5385
16,3,1,9,381.9596,0,0,target_search,193.7169,162.4351
16,4,0,0,88.0296,0,0,target_search,96.9138,103.7984
16,4,1,9,381.1267,0,0,target_search,193.9491,163.4078
16,5,0,0,87.1569,0,0,target_search,97.2817,102.8686
16,5,1,9,380.2946,0,0,target_search,194.1812,164.3804
16,6,0,0,86.287,0,0,target_search,97.6497,101.9388
16,6,1,9,379.3092,0,0,target_search,194.7882,165.1752
16,7,0,0,85.42,0,0,target_search,98.0177,101.0089
16,7,1,9,378.3238,0,0,target_search,195.3951,165.97
16,8,0,0,84.5559,0,0,target_search,98.3857,100.0791
16,8,1,9,377.3386,0,0,target_search,196.002,166.7647
16,9,0,0,83.6948,0,0,target_search,98.7537,99.1493
16,9,1,9,376.3534,0,0,target_search,196.6089,167.5595
16,10,0,0,82.7017,0,0,target_search,99.6111,98.6346
16,10,1,9,375.3683,0,0,target_search,197.2159,168.3542
16,11,0,0,81.7317,0,0,target_search,100.2304,97.8495
16,11,1,9,374.3833,0,0,target_search,197.8228,169.149
16,12,0,0,80.7519,0,0,target_search,101.1282,97.409
16,12,1,9,373.3983,0,0,target_search,198.4297,169.9437
16,13,0,0,79.7725,0,0,target_search,102.0259,96.9685
16,13,1,9,372.5374,0,0,target_search,199.4074,170.1538
16,14,0,0,78.7751,0,0,target_search,102.7695,96.2999
16,14,1,9,371.5431,0,0,target_search,200.0649,170.9073
16,15,0,0,77.9534,0,0,target_search,103.7679,96.2427
16,15,1,9,370.5489,0,0,target_search,200.7224,171.6607
16,16,0,0,77.1359,0,0,target_search,104.7662,96.1854
16,16,1,9,369.5548,0,0,target_search,201.38,172.4141
16,17,0,0,76.3227,0,0,target_search,105.7646,96.1282
16,17,1,9,368.5606,0,0,target_search,202.0375,173.1676
16,18,0,0,75.514,0,0,target_search,106.763,96.0709
16,18,1,9,367.5665,0,0,target_search,202.695,173.921
16,19,0,0,74.5144,0,0,target_search,107.516,95.413
16,19,1,9,366.5724,0,0,target_search,203.3525,174.6745
16,20,0,0,73.5148,0,0,target_search,108.269,94.755
16,20,1,9,365.5784,0,0,target_search,204.01,175.4279
16,21,0,0,72.9144,0,0,target_search,108.2292,93.7558
16,21,1,9,364.5844,0,0,target_search,204.6675,176.1813
16,22,0,0,71.9388,0,0,target_search,108.8523,92.9736
16,22,1,9,363.5904,0,0,target_search,205.325,176.9348
16,23,0,0,70.9639,0,0,target_search,109.4753,92.1914
16,23,1,9,362.5964,0,0,target_search,205.9826,177.6882
16,24,0,0,70.6426,0,0,target_search,109.1433,91.2481
16,24,1,9,361.6025,0,0,target_search,206.6401,178.4417
16,25,0,0,70.334,0,0,target_search,108.8113,90.3048
16,25,1,9,360.6039,0,0,target_search,207.3397,179.1562
16,26,0,0,70.0384,0,0,target_search,108.4793,89.3616
16,26,1,9,359.6054,0,0,target_search,208.0394,179.8706
16,27,0,0,69.0731,0,0,target_search,109.1056,88.582
16,27,1,9,358.6068,0,0,target_search,208.739,180.5851
16,28,0,0,68.1652,0,0,target_search,110.0859,88.3849
16,28,1,9,357.6082,0,0,target_search,209.4387,181.2996
16,29,0,0,67.1675,0,0,target_search,110.8495,87.7391
16,29,1,9,356.6097,0,0,target_search,210.1383,182.0141
16,30,0,0,66.1699,0,0,target_search,111.613,87.0933
16,30,1,9,355.6111,0,0,target_search,210.838,182.7286
16,31,0,0,65.5406,0,0,target_search,111.6675,86.0948
16,31,1,9,354.6126,0,0,target_search,211.5376,183.4431
16,32,0,0,64.9206,0,0,target_search,111.722,85.0963
16,32,1,9,353.6141,0,0,target_search,212.2373,184.1575
16,33,0,0,63.946,0,0,target_search,112.395,84.3567
16,33,1,9,352.6156,0,0,target_search,212.9369,184.872
16,34,0,0,62.9723,0,0,target_search,113.0681,83.6171
16,34,1,9,351.617,0,0,target_search,213.6366,185.5865
16,35,0,0,62.0142,0,0,target_search,113.6978,82.8403
16,35,1,9,350.6185,0,0,target_search,214.3363,186.301
16,36,0,0,61.0575,0,0,target_search,114.3275,82.0634
16,36,1,9,349.6196,0,0,target_search,215.0421,187.0094
16,37,0,0,60.1023,0,0,target_search,114.9571,81.2866
16,37,1,9,348.6207,0,0,target_search,215.7479,187.7178
16,38,0,0,59.125,0,0,target_search,115.6548,80.5701
16,38,1,9,347.6218,0,0,target_search,216.4537,188.4262
16,39,0,0,58.1485,0,0,target_search,116.3524,79.8537
16,39,1,9,346.6228,0,0,target_search,217.1595,189.1346
16,40,0,0,57.1728,0,0,target_search,117.0501,79.1372
16,40,1,9,345.6239,0,0,target_search,217.8653,189.843
16,41,0,0,56.5258,0,0,target_search,118.0099,79.418
16,41,1,9,344.625,0,0,target_search,218.5712,190.5513
16,42,0,0,55.527,0,0,target_search,118.8127,78.8218
16,42,1,9,343.6261,0,0,target_search,219.277,191.2597
16,43,0,0,54.5283,0,0,target_search,119.6156,78.2256
16,43,1,9,342.6272,0,0,target_search,219.9828,191.9681
16,44,0,0,53.5353,0,0,target_search,120.5073,77.773
16,44,1,9,341.6284,0,0,target_search,220.6886,192.6765
16,45,0,0,52.5427,0,0,target_search,121.399,77.3204
16,45,1,9,340.6295,0,0,target_search,221.3944,193.3849
16,46,0,0,51.5503,0,0,target_search,122.2907,76.8677
16,46,1,9,339.6306,0,0,target_search,222.1002,194.0933
16,47,0,0,50.5611,0,0,target_search,123.0291,76.1933
16,47,1,9,338.7781,0,0,target_search,223.0822,194.2824
16,48,0,0,49.5672,0,0,target_search,123.7934,75.5485
16,48,1,9,337.9265,0,0,target_search,224.0642,194.4716
16,49,0,0,48.5735,0,0,target_search,124.5578,74.9037
16,49,1,9,337.0756,0,0,target_search,225.0461,194.6607
16,50,0,0,47.5801,0,0,target_search,125.3221,74.259
16,50,1,9,336.2256,0,0,target_search,226.0281,194.8498
16,51,0,0,46.587,0,0,target_search,126.0865,73.6142
16,51,1,9,335.3764,0,0,target_search,227.01,195.0389
16,52,0,0,45.605,0,0,target_search,126.8044,72.918
16,52,1,9,334.528,0,0,target_search,227.992,195.2281
16,53,0,0,44.6238,0,0,target_search,127.5222,72.2218
16,53,1,9,333.6805,0,0,target_search,228.9739,195.4172
16,54,0,0,43.7609,0,0,target_search,128.521,72.1723
16,54,1,9,332.8338,0,0,target_search,229.9559,195.6063
16,55,0,0,42.9041,0,0,target_search,129.5198,72.1229
16,55,1,9,331.988,0,0,target_search,230.9378,195.7954
16,56,0,0,42.0535,0,0,target_search,130.5185,72.0734
16,56,1,9,331.2443,0,0,target_search,231.9376,195.818
16,57,0,0,41.0582,0,0,target_search,131.2799,71.4251
16,57,1,9,330.5019,0,0,target_search,232.9373,195.8406
16,58,0,0,40.3174,0,0,target_search,132.2726,71.546
16,58,1,9,329.7609,0,0,target_search,233.9371,195.8631
16,59,0,0,39.5881,0,0,target_search,133.2653,71.6669
16,59,1,9,329.0213,0,0,target_search,234.9368,195.8857
16,60,0,0,38.8708,0,0,target_search,134.2579,71.7878
16,60,1,9,328.283,0,0,target_search,235.9366,195.9083
16,61,0,0,37.8709,0,0,target_search,135.039,71.1634
16,61,1,9,327.5461,0,0,target_search,236.9363,195.9308
16,62,0,0,37.1997,0,0,target_search,136.0251,71.3297
16,62,1,9,326.8107,0,0,target_search,237.936,195.9534
16,63,0,0,36.5869,0,0,target_search,136.0176,70.3297
16,63,1,9,326.0766,0,0,target_search,238.9358,195.976
16,64,0,0,36.1029,0,0,target_search,136.9397,70.7165
16,64,1,9,325.3577,0,0,target_search,239.9358,195.9786
16,65,0,0,35.6404,0,0,target_search,137.8619,71.1033
16,65,1,9,324.6403,0,0,target_search,240.9358,195.9813
16,66,0,0,35.2002,0,0,target_search,138.7841,71.49
16,66,1,9,323.9243,0,0,target_search,241.9358,195.9839
16,67,0,0,34.2014,0,0,target_search,139.5601,70.8593
16,67,1,9,323.2099,0,0,target_search,242.9358,195.9866
16,68,0,0,33.4941,0,0,target_search,139.6241,69.8614
16,68,1,9,322.497,0,0,target_search,243.9358,195.9892
16,69,0,0,33.1128,0,0,target_search,140.5226,70.3005
16,69,1,9,321.7856,0,0,target_search,244.9358,195.9919
16,70,0,0,32.7576,0,0,target_search,141.421,70.7396
16,70,1,9,321.0758,0,0,target_search,245.9358,195.9945
16,71,0,0,32.4293,0,0,target_search,142.3194,71.1787
16,71,1,9,320.3675,0,0,target_search,246.9358,195.9972
16,72,0,0,31.4422,0,0,target_search,143.1227,70.583
16,72,1,9,321.0732,0,0,target_search,245.9358,195.9981
16,73,0,0,30.6441,0,0,target_search,143.2548,69.5918
16,73,1,9,320.3662,0,0,target_search,246.9358,195.999
16,74,0,0,29.6453,0,0,target_search,143.9285,68.8528
16,74,1,9,321.0724,0,0,target_search,245.9358,195.9994
16,75,0,0,28.6467,0,0,target_search,144.6023,68.1138
16,75,1,9,320.3657,0,0,target_search,246.9358,195.9997
16,76,0,0,27.6521,0,0,target_search,145.2391,67.3428
16,76,1,9,321.0721,0,0,target_search,245.9358,195.9998
16,77,0,0,26.6579,0,0,target_search,145.8759,66.5718
16,77,1,9,320.3656,0,0,target_search,246.9358,195.9999
16,78,0,0,25.6641,0,0,target_search,146.5127,65.8008
16,78,1,9,321.072,0,0,target_search,245.9358,195.9999
16,79,0,0,24.6648,0,0,target_search,147.2082,65.0823
16,79,1,9,320.3655,0,0,target_search,246.9358,196.0
16,80,0,0,23.6655,0,0,target_search,147.9037,64.3638
16,80,1,9,321.0719,0,0,target_search,245.9358,196.0
16,81,0,0,22.6662,0,0,target_search,148.5993,63.6453
16,81,1,9,320.3655,0,0,target_search,246.9358,196.0
16,82,0,0,21.6671,0,0,target_search,149.2948,62.9268
16,82,1,9,321.0719,0,0,target_search,245.9358,196.0
16,83,0,0,20.668,0,0,target_search,149.9903,62.2083
16,83,1,9,320.3655,0,0,target_search,246.9358,196.0
16,84,0,0,19.669,0,0,target_search,150.6858,61.4898
16,84,1,9,321.0719,0,0,target_search,245.9358,196.0
16,85,0,0,18.6701,0,0,target_search,151.3814,60.7713
16,85,1,9,320.3655,0,0,target_search,246.9358,196.0
16,86,0,0,17.6713,0,0,target_search,152.0769,60.0527
16,86,1,9,321.0719,0,0,target_search,245.9358,196.0
16,87,0,0,16.6727,0,0,target_search,152.7724,59.3342
16,87,1,9,320.3655,0,0,target_search,246.9358,196.0
16,88,0,0,15.6743,0,0,target_search,153.4679,58.6157
16,88,1,9,321.0719,0,0,target_search,245.9358,196.0
16,89,0,0,14.676,0,0,target_search,154.1634,57.8972
16,89,1,9,320.3655,0,0,target_search,246.9358,196.0
16,90,0,0,13.6773,0,0,target_search,154.8684,57.188
16,90,1,9,321.0719,0,0,target_search,245.9358,196.0
16,91,0,0,12.6787,0,0,target_search,155.5733,56.4787
16,91,1,9,320.3655,0,0,target_search,246.9358,196.0
16,92,0,0,11.6804,0,0,target_search,156.2782,55.7694
16,92,1,9,321.0719,0,0,target_search,245.9358,196.0
16,93,1,9,320.3655,0,0,target_search,246.9358,196.0
16,94,1,9,321.0719,0,0,target_search,245.9358,196.0
16,94,2,0,435.1909,0,0,target_search,156.2743,55.7655
16,95,1,9,320.3655,0,0,target_search,246.9358,196.0
16,95,2,0,434.3059,0,0,target_search,155.5655,56.4709
16,96,1,9,321.0719,0,0,target_search,245.9358,196.0
16,96,2,0,433.4214,0,0,target_search,154.8567,57.1763
16,97,1,9,320.3655,0,0,target_search,246.9358,196.0
16,97,2,0,432.5374,0,0,target_search,154.1479,57.8817
16,98,1,9,321.0719,0,0,target_search,245.9358,196.0
16,98,2,0,431.6539,0,0,target_search,153.4391,58.5871
16,99,1,9,320.3655,0,0,target_search,246.9358,196.0
16,99,2,0,430.9231,0,0,target_search,152.5716,59.0846
16,100,1,9,321.0719,0,0,target_search,245.9358,196.0
16,100,2,0,430.1933,0,0,target_search,151.7041,59.582
16,101,1,9,320.3655,0,0,target_search,246.9358,196.0
16,101,2,0,429.4646,0,0,target_search,150.8366,60.0795
16,102,1,9,321.0719,0,0,target_search,245.9358,196.0
16,102,2,0,428.737,0,0,target_search,149.9692,60.577
16,103,1,9,320.3655,0,0,target_search,246.9358,196.0
16,103,2,0,428.1534,0,0,target_search,149.0234,60.9017
16,104,1,9,321.0719,0,0,target_search,245.9358,196.0
16,104,2,0,427.5714,0,0,target_search,148.0776,61.2265
16,105,1,9,320.3655,0,0,target_search,246.9358,196.0
16,105,2,0,426.9909,0,0,target_search,147.1318,61.5512
16,106,1,9,321.0719,0,0,target_search,245.9358,196.0
16,106,2,0,426.4119,0,0,target_search,146.186,61.876
16,107,1,9,320.3655,0,0,target_search,246.9358,196.0
16,107,2,0,425.8346,0,0,target_search,145.2402,62.2007
16,108,1,9,321.0719,0,0,target_search,245.9358,196.0
16,108,2,0,424.9442,0,0,target_search,144.5541,62.9283
16,109,1,9,320.3655,0,0,target_search,246.9358,196.0
16,109,2,0,424.0544,0,0,target_search,143.8681,63.6558
16,110,1,9,321.0719,0,0,target_search,245.9358,196.0
16,110,2,0,423.1651,0,0,target_search,143.182,64.3834
16,111,1,9,320.3655,0,0,target_search,246.9358,196.0
16,111,2,0,422.2762,0,0,target_search,142.496,65.111
16,112,1,9,321.0719,0,0,target_search,245.9358,196.0
16,112,2,0,421.3879,0,0,target_search,141.8099,65.8385
16,113,1,9,320.3655,0,0,target_search,246.9358,196.0
16,113,2,0,420.6443,0,0,target_search,140.9631,66.3704
16,114,1,9,321.0719,0,0,target_search,245.9358,196.0
16,114,2,0,419.9018,0,0,target_search,140.1163,66.9023
16,115,1,9,320.3655,0,0,target_search,246.9358,196.0
16,115,2,0,419.1603,0,0,target_search,139.2695,67.4341
16,116,1,9,321.0719,0,0,target_search,245.9358,196.0
16,116,2,0,418.4199,0,0,target_search,138.4226,67.966
16,117,1,9,320.3655,0,0,target_search,246.9358,196.0
16,117,2,0,417.6806,0,0,target_search,137.5758,68.4979
16,118,1,9,321.0719,0,0,target_search,245.9358,196.0
16,118,2,0,417.0995,0,0,target_search,136.6367,68.8414
16,119,1,9,320.3655,0,0,target_search,246.9358,196.0
16,119,2,0,416.5201,0,0,target_search,135.6975,69.1848
16,120,1,9,321.0719,0,0,target_search,245.9358,196.0
16,120,2,0,415.9422,0,0,target_search,134.7583,69.5283
16,121,1,9,320.3655,0,0,target_search,246.9358,196.0
16,121,2,0,415.3659,0,0,target_search,133.8192,69.8718
16,122,1,9,321.0719,0,0,target_search,245.9358,196.0
16,122,2,0,414.6349,0,0,target_search,132.9708,70.4012
16,123,1,9,320.3655,0,0,target_search,246.9358,196.0
16,123,2,0,413.9051,0,0,target_search,132.1225,70.9307
16,124,1,9,321.0719,0,0,target_search,245.9358,196.0
16,124,2,0,413.1764,0,0,target_search,131.2742,71.4602
16,125,1,9,320.3655,0,0,target_search,246.9358,196.0
16,125,2,0,412.4488,0,0,target_search,130.4258,71.9896
16,126,1,9,321.0719,0,0,target_search,245.9358,196.0
16,126,2,0,411.7224,0,0,target_search,129.5775,72.5191
16,127,1,9,320.3655,0,0,target_search,246.9358,196.0
16,127,2,0,410.9288,0,0,target_search,128.7894,73.1346
16,128,1,9,321.0719,0,0,target_search,245.9358,196.0
16,128,2,0,410.1362,0,0,target_search,128.0013,73.7502
16,129,1,9,320.3655,0,0,target_search,246.9358,196.0
16,129,2,0,409.3444,0,0,target_search,127.2132,74.3658
16,130,1,9,321.0719,0,0,target_search,245.9358,196.0
16,130,2,0,408.7907,0,0,target_search,126.6616,74.7967
16,131,1,9,320.3655,0,0,target_search,246.9358,196.0
16,131,2,0,408.7907,0,1,target_search,126.6616,74.7967
16,132,1,9,321.0719,0,0,target_search,245.9358,196.0
16,132,2,0,408.7907,0,1,target_search,126.6616,74.7967
16,133,1,9,320.3655,0,0,target_search,246.9358,196.0
16,133,2,0,408.7907,0,1,target_search,126.6616,74.7967
16,134,1,9,321.0719,0,0,target_search,245.9358,196.0
16,134,2,0,408.7907,0,1,target_search,126.6616,74.7967
16,135,1,9,320.3655,0,0,target_search,246.9358,196.0
16,135,2,0,408.7907,0,1,target_search,126.6616,74.7967
16,136,1,9,321.0719,0,0,target_search,245.9358,196.0
16,136,2,0,408.7907,0,1,target_search,126.6616,74.7967
16,137,1,9,320.3655,0,0,target_search,246.9358,196.0
16,137,2,0,408.7907,0,1,target_search,126.6616,74.7967
16,138,1,9,321.0719,0,0,target_search,245.9358,196.0
16,138,2,0,408.7907,0,1,target_search,126.6616,74.7967
16,139,1,9,320.3655,0,0,target_search,246.9358,196.0
16,139,2,0,408.7907,0,1,target_search,126.6616,74.7967
16,140,1,9,321.0719,0,0,target_search,245.9358,196.0
16,140,2,0,408.7907,0,1,target_search,126.6616,74.7967
16,141,1,9,320.3655,0,0,target_search,246.9358,196.0
16,141,2,0,408.7907,0,1,target_search,126.6616,74.7967
16,142,1,9,321.0719,0,0,target_search,245.9358,196.0
16,142,2,0,408.7907,0,1,target_search,126.6616,74.7967
16,143,1,9,320.3655,0,0,target_search,246.9358,196.0
16,143,2,0,408.7907,0,1,target_search,126.6616,74.7967
16,144,1,9,321.0719,0,0,target_search,245.9358,196.0
16,144,2,0,408.7907,0,1,target_search,126.6616,74.7967
30,2,0,0,149.8134,0,0,target_search,95.5688,105.2786
30,2,1,21,232.4814,0,0,target_search,51.8423,242.8497
30,3,0,0,148.9096,0,0,target_search,96.2413,104.5385
30,3,1,21,231.6576,0,0,target_search,51.1916,243.609
30,4,0,0,148.0071,0,0,target_search,96.9138,103.7984
30,4,1,21,230.8352,0,0,target_search,50.5408,244.3682
30,5,0,0,147.3175,0,0,target_search,97.2817,102.8686
30,5,1,21,230.0143,0,0,target_search,49.8901,245.1275
30,6,0,0,146.6315,0,0,target_search,97.6497,101.9388
30,6,1,21,229.366,0,0,target_search,49.0689,245.6982
30,7,0,0,145.9491,0,0,target_search,98.0177,101.0089
30,7,1,21,228.7203,0,0,target_search,48.2477,246.2688
30,8,0,0,145.2703,0,0,target_search,98.3857,100.0791
30,8,1,21,228.0771,0,0,target_search,47.4265,246.8395
30,9,0,0,144.5954,0,0,target_search,98.7537,99.1493
30,9,1,21,227.4365,0,0,target_search,46.6053,247.4101
30,10,0,0,143.6115,0,0,target_search,99.6111,98.6346
30,10,1,21,226.7985,0,0,target_search,45.7841,247.9807
30,11,0,0,142.6278,0,0,target_search,100.4684,98.1199
30,11,1,21,226.3449,0,0,target_search,44.8591,248.3607
30,12,0,0,141.6443,0,0,target_search,101.3258,97.6053
30,12,1,21,225.8949,0,0,target_search,43.9341,248.7407
30,13,0,0,140.6611,0,0,target_search,102.1832,97.0906
30,13,1,21,225.4484,0,0,target_search,43.0091,249.1207
30,14,0,0,139.6758,0,0,target_search,103.1661,96.9063
30,14,1,21,225.0055,0,0,target_search,42.0841,249.5007
30,15,0,0,138.6908,0,0,target_search,104.149,96.722
30,15,1,21,224.5662,0,0,target_search,41.1591,249.8807
30,16,0,0,137.7059,0,0,target_search,105.1318,96.5377
30,16,1,21,224.2818,0,0,target_search,40.1848,250.1061
30,17,0,0,136.7213,0,0,target_search,106.1147,96.3535
30,17,1,21,223.4759,0,0,target_search,39.5474,250.8766
30,18,0,0,135.779,0,0,target_search,106.8785,95.708
30,18,1,21,222.6716,0,0,target_search,38.91,251.6471
30,19,0,0,134.8375,0,0,target_search,107.6423,95.0626
30,19,1,21,221.8689,0,0,target_search,38.2726,252.4176
30,20,0,0,134.4446,0,0,target_search,107.6929,94.0639
30,20,1,21,221.0678,0,0,target_search,37.6352,253.1882
30,21,0,0,134.0581,0,0,target_search,107.7435,93.0651
30,21,1,21,220.4533,0,0,target_search,36.8186,253.7654
30,22,0,0,133.1762,0,0,target_search,108.4168,92.3258
30,22,1,21,219.8417,0,0,target_search,36.0021,254.3427
30,23,0,0,132.296,0,0,target_search,109.0902,91.5865
30,23,1,21,219.047,0,0,target_search,35.364,255.1127
30,24,0,0,132.2592,0,0,target_search,108.7994,90.6297
30,24,1,21,218.254,0,0,target_search,34.726,255.8827
30,25,0,0,132.2299,0,0,target_search,108.5085,89.673
30,25,1,21,217.4628,0,0,target_search,34.088,256.6527
30,26,0,0,131.4008,0,0,target_search,109.1209,88.8824
30,26,1,21,216.6733,0,0,target_search,33.4499,257.4228
30,27,0,0,130.5741,0,0,target_search,109.7332,88.0917
30,27,1,21,215.8855,0,0,target_search,32.8119,258.1928
30,28,0,0,129.611,0,0,target_search,110.7323,88.0513
30,28,1,21,214.9766,0,0,target_search,32.3714,259.0905
30,29,0,0,128.691,0,0,target_search,111.4873,87.3955
30,29,1,21,214.0685,0,0,target_search,31.9309,259.9883
30,30,0,0,127.7722,0,0,target_search,112.2422,86.7396
30,30,1,21,213.1613,0,0,target_search,31.4905,260.886
30,31,0,0,127.507,0,0,target_search,112.2063,85.7403
30,31,1,21,212.2548,0,0,target_search,31.05,261.7838
30,32,0,0,126.6804,0,0,target_search,112.831,84.9595
30,32,1,21,211.3493,0,0,target_search,30.6095,262.6816
30,33,0,0,125.8563,0,0,target_search,113.4558,84.1787
30,33,1,21,210.382,0,0,target_search,30.3398,263.6445
30,34,0,0,125.1144,0,0,target_search,113.9758,83.3245
30,34,1,21,209.415,0,0,target_search,30.0702,264.6075
30,35,0,0,124.3762,0,0,target_search,114.4959,82.4704
30,35,1,21,208.4484,0,0,target_search,29.8005,265.5704
30,36,0,0,123.4264,0,0,target_search,115.3225,81.9076
30,36,1,21,207.482,0,0,target_search,29.5308,266.5334
30,37,0,0,122.5874,0,0,target_search,115.9814,81.1554
30,37,1,21,206.516,0,0,target_search,29.2612,267.4963
30,38,0,0,121.7509,0,0,target_search,116.6402,80.4031
30,38,1,21,205.5503,0,0,target_search,28.9915,268.4593
30,39,0,0,120.9168,0,0,target_search,117.2991,79.6508
30,39,1,21,204.585,0,0,target_search,28.7219,269.4223
30,40,0,0,119.9938,0,0,target_search,118.2908,79.779
30,40,1,21,203.62,0,0,target_search,28.4522,270.3852
30,41,0,0,119.0763,0,0,target_search,119.0712,79.1538
30,41,1,21,203.2143,0,0,target_search,29.3624,270.7995
30,42,0,0,118.1602,0,0,target_search,119.8517,78.5285
30,42,1,21,202.8127,0,0,target_search,30.2725,271.2137
30,43,0,0,117.2012,0,0,target_search,120.7055,78.008
30,43,1,21,202.4727,0,0,target_search,29.3275,271.5407
30,44,0,0,116.2428,0,0,target_search,121.5594,77.4876
30,44,1,21,202.317,0,0,target_search,30.313,271.7101
30,45,0,0,115.2852,0,0,target_search,122.4133,76.9671
30,45,1,21,202.1789,0,0,target_search,29.3208,271.8344
30,46,0,0,114.4077,0,0,target_search,123.1436,76.284
30,46,1,21,202.1311,0,0,target_search,30.3189,271.8961
30,47,0,0,113.5184,0,0,target_search,123.8935,75.6225
30,47,1,21,202.0724,0,0,target_search,29.3199,271.9409
30,48,0,0,112.631,0,0,target_search,124.6435,74.9609
30,48,1,21,202.0643,0,0,target_search,30.3197,271.9629
30,49,0,0,111.7455,0,0,target_search,125.3934,74.2994
30,49,1,21,202.0344,0,0,target_search,29.3198,271.9789
30,50,0,0,110.8619,0,0,target_search,126.1433,73.6379
30,50,1,21,202.0405,0,0,target_search,30.3197,271.9868
30,51,0,0,109.8627,0,0,target_search,127.1063,73.3686
30,51,1,21,202.0208,0,0,target_search,29.3198,271.9925
30,52,0,0,108.8635,0,0,target_search,128.0694,73.0992
30,52,1,21,202.032,0,0,target_search,30.3198,271.9953
30,53,0,0,107.8643,0,0,target_search,129.0324,72.8299
30,53,1,21,202.016,0,0,target_search,29.3198,271.9973
30,54,0,0,106.8652,0,0,target_search,129.9955,72.5606
30,54,1,21,202.029,0,0,target_search,30.3198,271.9983
30,55,0,0,105.866,0,0,target_search,130.9585,72.2913
30,55,1,21,202.0143,0,0,target_search,29.3198,271.999
30,56,0,0,104.8812,0,0,target_search,131.9569,72.2336
30,56,1,21,202.0279,0,0,target_search,30.3198,271.9994
30,57,0,0,103.8967,0,0,target_search,132.9552,72.1759
30,57,1,21,202.0137,0,0,target_search,29.3198,271.9997
30,58,0,0,102.9125,0,0,target_search,133.9535,72.1182
30,58,1,21,202.0275,0,0,target_search,30.3198,271.9998
30,59,0,0,101.9286,0,0,target_search,134.9519,72.0606
30,59,1,21,202.0134,0,0,target_search,29.3198,271.9999
30,60,0,0,100.9544,0,0,target_search,135.9518,72.0486
30,60,1,21,202.0274,0,0,target_search,30.3198,271.9999
30,61,0,0,99.9806,0,0,target_search,136.9517,72.0366
30,61,1,21,202.0134,0,0,target_search,29.3198,272.0
30,62,0,0,99.0074,0,0,target_search,137.9517,72.0246
30,62,1,21,202.0273,0,0,target_search,30.3198,272.0
30,63,0,0,98.0347,0,0,target_search,138.9516,72.0126
30,63,1,21,202.0133,0,0,target_search,29.3198,272.0
30,64,0,0,97.0649,0,0,target_search,139.9516,72.0101
30,64,1,21,202.0273,0,0,target_search,30.3198,272.0
30,65,0,0,96.0956,0,0,target_search,140.9516,72.0076
30,65,1,21,202.0133,0,0,target_search,29.3198,272.0
30,66,0,0,95.1271,0,0,target_search,141.9516,72.0051
30,66,1,21,202.0273,0,0,target_search,30.3198,272.0
30,67,0,0,94.1591,0,0,target_search,142.9516,72.0026
30,67,1,21,202.0133,0,0,target_search,29.3198,272.0
30,68,0,0,93.1924,0,0,target_search,143.9516,72.0021
30,68,1,21,202.0273,0,0,target_search,30.3198,272.0
30,69,0,0,92.2263,0,0,target_search,144.9516,72.0016
30,69,1,21,202.0133,0,0,target_search,29.3198,272.0
30,70,0,0,91.261,0,0,target_search,145.9516,72.0011
30,70,1,21,202.0273,0,0,target_search,30.3198,272.0
30,71,0,0,90.2965,0,0,target_search,146.9516,72.0005
30,71,1,21,202.0133,0,0,target_search,29.3198,272.0
30,72,0,0,89.7542,0,0,target_search,147.7008,72.6629
30,72,1,21,202.0273,0,0,target_search,30.3198,272.0
30,73,0,0,89.2198,0,0,target_search,148.45,73.3252
30,73,1,21,202.0133,0,0,target_search,29.3198,272.0
30,74,0,0,88.6935,0,0,target_search,149.1992,73.9876
30,74,1,21,202.0273,0,0,target_search,30.3198,272.0
30,75,0,0,88.1754,0,0,target_search,149.9484,74.6499
30,75,1,21,202.0133,0,0,target_search,29.3198,272.0
30,76,0,0,87.4788,0,0,target_search,150.8311,75.1198
30,76,1,21,202.0273,0,0,target_search,30.3198,272.0
30,77,0,0,86.7882,0,0,target_search,151.7139,75.5896
30,77,1,21,202.0133,0,0,target_search,29.3198,272.0
30,78,0,0,86.1037,0,0,target_search,152.5966,76.0595
30,78,1,21,202.0273,0,0,target_search,30.3198,272.0
30,79,0,0,85.4254,0,0,target_search,153.4794,76.5293
30,79,1,21,202.0133,0,0,target_search,29.3198,272.0
30,80,0,0,84.7534,0,0,target_search,154.3621,76.9992
30,80,1,21,202.0273,0,0,target_search,30.3198,272.0
30,81,0,0,84.088,0,0,target_search,155.2449,77.469
30,81,1,21,202.0133,0,0,target_search,29.3198,272.0
30,82,0,0,83.4293,0,0,target_search,156.1276,77.9389
30,82,1,21,202.0273,0,0,target_search,30.3198,272.0
30,83,0,0,82.7774,0,0,target_search,157.0103,78.4087
30,83,1,21,202.0133,0,0,target_search,29.3198,272.0
30,84,0,0,82.8573,0,0,target_search,157.3079,79.3634
30,84,1,21,202.0273,0,0,target_search,30.3198,272.0
30,85,0,0,82.9493,0,0,target_search,157.6055,80.3181
30,85,1,21,202.0133,0,0,target_search,29.3198,272.0
30,86,0,0,83.0531,0,0,target_search,157.9031,81.2728
30,86,1,21,202.0273,0,0,target_search,30.3198,272.0
30,87,0,0,83.1689,0,0,target_search,158.2007,82.2275
30,87,1,21,202.0133,0,0,target_search,29.3198,272.0
30,88,0,0,82.5965,0,0,target_search,159.0623,82.7351
30,88,1,21,202.0273,0,0,target_search,30.3198,272.0
30,89,0,0,82.0324,0,0,target_search,159.9239,83.2426
30,89,1,21,202.0133,0,0,target_search,29.3198,272.0
30,90,0,0,81.4766,0,0,target_search,160.7855,83.7502
30,90,1,21,202.0273,0,0,target_search,30.3198,272.0
30,91,0,0,80.9293,0,0,target_search,161.6472,84.2577
30,91,1,21,202.0133,0,0,target_search,29.3198,272.0
30,92,0,0,80.3908,0,0,target_search,162.5088,84.7653
30,92,1,21,202.0273,0,0,target_search,30.3198,272.0
30,93,0,0,79.8612,0,0,target_search,163.3704,85.2728
30,93,1,21,202.0133,0,0,target_search,29.3198,272.0
30,94,0,0,79.3406,0,0,target_search,164.232,85.7804
30,94,1,21,202.0273,0,0,target_search,30.3198,272.0
30,95,0,0,78.8293,0,0,target_search,165.0936,86.2879
30,95,1,21,202.0133,0,0,target_search,29.3198,272.0
30,96,0,0,79.05,0,0,target_search,165.3803,87.246
30,96,1,21,202.0273,0,0,target_search,30.3198,272.0
30,97,0,0,79.2828,0,0,target_search,165.667,88.204
30,97,1,21,202.0133,0,0,target_search,29.3198,272.0
30,98,0,0,79.5274,0,0,target_search,165.9537,89.162
30,98,1,21,202.0273,0,0,target_search,30.3198,272.0
30,99,0,0,79.7838,0,0,target_search,166.2404,90.12
30,99,1,21,202.0133,0,0,target_search,29.3198,272.0
30,100,0,0,79.3338,0,0,target_search,167.097,90.6361
30,100,1,21,202.0273,0,0,target_search,30.3198,272.0
30,101,0,0,78.8939,0,0,target_search,167.9535,91.1522
30,101,1,21,202.0133,0,0,target_search,29.3198,272.0
30,102,0,0,78.4643,0,0,target_search,168.8101,91.6682
30,102,1,21,202.0273,0,0,target_search,30.3198,272.0
30,103,0,0,78.0451,0,0,target_search,169.6666,92.1843
30,103,1,21,202.0133,0,0,target_search,29.3198,272.0
30,104,0,0,77.6365,0,0,target_search,170.5232,92.7003
30,104,1,21,202.0273,0,0,target_search,30.3198,272.0
30,105,0,0,77.2387,0,0,target_search,171.3797,93.2164
30,105,1,21,202.0133,0,0,target_search,29.3198,272.0
30,106,0,0,76.8519,0,0,target_search,172.2363,93.7324
30,106,1,21,202.0273,0,0,target_search,30.3198,272.0
30,107,0,0,76.4762,0,0,target_search,173.0928,94.2485
30,107,1,21,202.0133,0,0,target_search,29.3198,272.0
30,108,0,0,76.1118,0,0,target_search,173.9494,94.7645
30,108,1,21,202.0273,0,0,target_search,30.3198,272.0
30,109,0,0,75.7588,0,0,target_search,174.8059,95.2806
30,109,1,21,202.0133,0,0,target_search,29.3198,272.0
30,110,0,0,74.7588,0,0,target_search,175.5899,94.6598
30,110,1,21,202.0273,0,0,target_search,30.3198,272.0
30,111,0,0,73.7588,0,0,target_search,176.3739,94.039
30,111,1,21,202.0133,0,0,target_search,29.3198,272.0
30,112,0,0,72.7588,0,0,target_search,177.1578,93.4182
30,112,1,21,202.0273,0,0,target_search,30.3198,272.0
30,113,0,0,71.7588,0,0,target_search,177.9418,92.7974
30,113,1,21,202.0133,0,0,target_search,29.3198,272.0
30,114,0,0,70.7588,0,0,target_search,178.7258,92.1766
30,114,1,21,202.0273,0,0,target_search,30.3198,272.0
30,115,0,0,69.7588,0,0,target_search,179.5097,91.5558
30,115,1,21,202.0133,0,0,target_search,29.3198,272.0
30,116,0,0,68.7588,0,0,target_search,180.2937,90.935
30,116,1,21,202.0273,0,0,target_search,30.3198,272.0
30,117,0,0,67.7589,0,0,target_search,181.0777,90.3142
30,117,1,21,202.0133,0,0,target_search,29.3198,272.0
30,118,0,0,66.7589,0,0,target_search,181.8616,89.6933
30,118,1,21,202.0273,0,0,target_search,30.3198,272.0
30,119,0,0,65.7589,0,0,target_search,182.6456,89.0725
30,119,1,21,202.0133,0,0,target_search,29.3198,272.0
30,120,0,0,64.7635,0,0,target_search,183.3634,88.3763
30,120,1,21,202.0273,0,0,target_search,30.3198,272.0
30,121,0,0,63.7683,0,0,target_search,184.0813,87.6801
30,121,1,21,202.0133,0,0,target_search,29.3198,272.0
30,122,0,0,62.7732,0,0,target_search,184.7991,86.9839
30,122,1,21,202.0273,0,0,target_search,30.3198,272.0
30,123,0,0,61.7783,0,0,target_search,185.5169,86.2877
30,123,1,21,202.0133,0,0,target_search,29.3198,272.0
30,124,0,0,60.7835,0,0,target_search,186.2348,85.5915
30,124,1,21,202.0273,0,0,target_search,30.3198,272.0
30,125,0,0,59.7889,0,0,target_search,186.9526,84.8953
30,125,1,21,202.0133,0,0,target_search,29.3198,272.0
30,126,0,0,58.7946,0,0,target_search,187.6705,84.1991
30,126,1,21,202.0273,0,0,target_search,30.3198,272.0
30,127,0,0,57.8004,0,0,target_search,188.3883,83.5029
30,127,1,21,202.0133,0,0,target_search,29.3198,272.0
30,128,0,0,56.8064,0,0,target_search,189.1061,82.8067
30,128,1,21,202.0273,0,0,target_search,30.3198,272.0
30,129,0,0,55.8126,0,0,target_search,189.824,82.1105
30,129,1,21,202.0133,0,0,target_search,29.3198,272.0
30,130,0,0,54.819,0,0,target_search,190.5418,81.4142
30,130,1,21,202.0273,0,0,target_search,30.3198,272.0
30,131,0,0,53.8273,0,0,target_search,191.2506,80.7088
30,131,1,21,202.0133,0,0,target_search,29.3198,272.0
30,132,0,0,52.8359,0,0,target_search,191.9593,80.0033
30,132,1,21,202.0273,0,0,target_search,30.3198,272.0
30,133,0,0,51.8448,0,0,target_search,192.6681,79.2979
30,133,1,21,202.0133,0,0,target_search,29.3198,272.0
30,134,0,0,51.1948,0,0,target_search,193.6466,79.5041
30,134,1,21,202.0273,0,0,target_search,30.3198,272.0
30,135,0,0,50.5562,0,0,target_search,194.6251,79.7103
30,135,1,21,202.0133,0,0,target_search,29.3198,272.0
30,136,0,0,49.5562,0,0,target_search,195.3974,79.0751
30,136,1,21,202.0273,0,0,target_search,30.3198,272.0
30,137,0,0,48.5563,0,0,target_search,196.1698,78.4399
30,137,1,21,202.0133,0,0,target_search,29.3198,272.0
30,138,0,0,47.6205,0,0,target_search,196.681,77.5804
30,138,1,21,202.0273,0,0,target_search,30.3198,272.0
30,139,0,0,46.6874,0,0,target_search,197.1921,76.7209
30,139,1,21,202.0133,0,0,target_search,29.3198,272.0
30,140,0,0,45.7571,0,0,target_search,197.7033,75.8614
30,140,1,21,202.0273,0,0,target_search,30.3198,272.0
30,141,0,0,44.8298,0,0,target_search,198.2145,75.002
30,141,1,21,202.0133,0,0,target_search,29.3198,272.0
30,142,0,0,43.9057,0,0,target_search,198.7257,74.1425
30,142,1,21,202.0273,0,0,target_search,30.3198,272.0
30,143,0,0,42.9245,0,0,target_search,199.4005,73.4045
30,143,1,21,202.0133,0,0,target_search,29.3198,272.0
30,144,0,0,41.9821,0,0,target_search,200.3569,73.1125
30,144,1,21,202.0273,0,0,target_search,30.3198,272.0
30,145,0,0,41.0423,0,0,target_search,201.3133,72.8204
30,145,1,21,202.0133,0,0,target_search,29.3198,272.0
30,146,0,0,40.1055,0,0,target_search,202.2697,72.5284
30,146,1,21,202.0273,0,0,target_search,30.3198,272.0
30,147,0,0,39.1074,0,0,target_search,203.0218,71.8692
30,147,1,21,202.0133,0,0,target_search,29.3198,272.0
30,148,0,0,38.3368,0,0,target_search,204.0214,71.8955
30,148,1,21,202.0273,0,0,target_search,30.3198,272.0
30,149,0,0,37.577,0,0,target_search,205.0211,71.9217
30,149,1,21,202.0133,0,0,target_search,29.3198,272.0
30,150,0,0,36.8286,0,0,target_search,206.0207,71.948
30,150,1,21,202.0273,0,0,target_search,30.3198,272.0
30,151,0,0,35.8293,0,0,target_search,206.8029,71.325
30,151,1,21,202.0133,0,0,target_search,29.3198,272.0
30,152,0,0,34.8299,0,0,target_search,207.5852,70.702
30,152,1,21,202.0273,0,0,target_search,30.3198,272.0
30,153,0,0,34.1401,0,0,target_search,207.6469,69.7039
30,153,1,21,202.0133,0,0,target_search,29.3198,272.0
30,154,0,0,33.1551,0,0,target_search,208.2993,68.946
30,154,1,21,202.0273,0,0,target_search,30.3198,272.0
30,155,0,0,32.1711,0,0,target_search,208.9517,68.1881
30,155,1,21,202.0133,0,0,target_search,29.3198,272.0
30,156,0,0,31.1881,0,0,target_search,209.6041,67.4303
30,156,1,21,202.0273,0,0,target_search,30.3198,272.0
30,157,0,0,30.2062,0,0,target_search,210.2565,66.6724
30,157,1,21,202.0133,0,0,target_search,29.3198,272.0
30,158,0,0,29.2255,0,0,target_search,210.9089,65.9145
30,158,1,21,202.0273,0,0,target_search,30.3198,272.0
30,159,0,0,28.3224,0,0,target_search,211.3657,65.0249
30,159,1,21,202.0133,0,0,target_search,29.3198,272.0
30,160,0,0,27.4261,0,0,target_search,211.8225,64.1353
30,160,1,21,202.0273,0,0,target_search,30.3198,272.0
30,161,0,0,26.5372,0,0,target_search,212.2793,63.2458
30,161,1,21,202.0133,0,0,target_search,29.3198,272.0
30,162,0,0,25.8594,0,0,target_search,213.2593,63.4444
30,162,1,21,202.0273,0,0,target_search,30.3198,272.0
30,163,0,0,25.2029,0,0,target_search,214.2394,63.6431
30,163,1,21,202.0133,0,0,target_search,29.3198,272.0
30,164,0,0,24.203,0,0,target_search,215.0267,63.0266
30,164,1,21,202.0273,0,0,target_search,30.3198,272.0
30,165,0,0,23.203,0,0,target_search,215.8141,62.4101
30,165,1,21,202.0133,0,0,target_search,29.3198,272.0
30,166,0,0,22.203,0,0,target_search,216.6014,61.7935
30,166,1,21,202.0273,0,0,target_search,30.3198,272.0
30,167,0,0,21.203,0,0,target_search,217.3887,61.177
30,167,1,21,202.0133,0,0,target_search,29.3198,272.0
30,168,0,0,20.203,0,0,target_search,218.1761,60.5605
30,168,1,21,202.0273,0,0,target_search,30.3198,272.0
30,169,0,0,19.2031,0,0,target_search,218.9634,59.9439
30,169,1,21,202.0133,0,0,target_search,29.3198,272.0
30,170,0,0,18.2031,0,0,target_search,219.7507,59.3274
30,170,1,21,202.0273,0,0,target_search,30.3198,272.0
30,171,0,0,17.2031,0,0,target_search,220.5381,58.7109
30,171,1,21,202.0133,0,0,target_search,29.3198,272.0
30,172,0,0,16.2031,0,0,target_search,221.3254,58.0944
30,172,1,21,202.0273,0,0,target_search,30.3198,272.0
30,173,0,0,15.2032,0,0,target_search,222.1127,57.4778
30,173,1,21,202.0133,0,0,target_search,29.3198,272.0
30,174,0,0,14.2076,0,0,target_search,222.8346,56.7858
30,174,1,21,202.0273,0,0,target_search,30.3198,272.0
30,175,0,0,13.2127,0,0,target_search,223.5565,56.0938
30,175,1,21,202.0133,0,0,target_search,29.3198,272.0
30,176,0,0,12.2187,0,0,target_search,224.2784,55.4018
30,176,1,21,202.0273,0,0,target_search,30.3198,272.0
30,177,1,21,202.0133,0,0,target_search,29.3198,272.0
30,178,1,21,202.0273,0,0,target_search,30.3198,272.0
30,178,2,5,458.3095,0,0,target_search,230.032,32.7712
30,179,1,21,202.0133,0,0,target_search,29.3198,272.0
30,179,2,5,457.3837,0,0,target_search,230.8415,33.3582
30,180,1,21,202.0273,0,0,target_search,30.3198,272.0
30,180,2,5,456.4582,0,0,target_search,231.651,33.9453
30,181,1,21,202.0133,0,0,target_search,29.3198,272.0
30,181,2,5,455.533,0,0,target_search,232.4605,34.5324
30,182,1,21,202.0273,0,0,target_search,30.3198,272.0
30,182,2,5,454.6081,0,0,target_search,233.2701,35.1194
30,183,1,21,202.0133,0,0,target_search,29.3198,272.0
30,183,2,5,453.6835,0,0,target_search,234.0796,35.7065
30,184,1,21,202.0273,0,0,target_search,30.3198,272.0
30,184,2,5,452.8644,0,0,target_search,234.9974,36.1037
30,185,1,21,202.0133,0,0,target_search,29.3198,272.0
30,185,2,5,452.0461,0,0,target_search,235.9151,36.5009
30,186,1,21,202.0273,0,0,target_search,30.3198,272.0
30,186,2,5,451.2284,0,0,target_search,236.8328,36.8981
30,187,1,21,202.0133,0,0,target_search,29.3198,272.0
30,187,2,5,450.4115,0,0,target_search,237.7506,37.2953
30,188,1,21,202.0273,0,0,target_search,30.3198,272.0
30,188,2,5,449.5953,0,0,target_search,238.6683,37.6925
30,189,1,21,202.0133,0,0,target_search,29.3198,272.0
30,189,2,5,448.8869,0,0,target_search,239.6391,37.9325
30,190,1,21,202.0273,0,0,target_search,30.3198,272.0
30,190,2,5,448.1796,0,0,target_search,240.6098,38.1726
30,191,1,21,202.0133,0,0,target_search,29.3198,272.0
30,191,2,5,447.1848,0,0,target_search,241.2108,38.9718
30,192,1,21,202.0273,0,0,target_search,30.3198,272.0
30,192,2,5,446.19,0,0,target_search,241.8119,39.771
30,193,1,21,202.0133,0,0,target_search,29.3198,272.0
30,193,2,5,445.1953,0,0,target_search,242.4129,40.5703
30,194,1,21,202.0273,0,0,target_search,30.3198,272.0
30,194,2,5,444.263,0,0,target_search,243.2033,41.1828
30,195,1,21,202.0133,0,0,target_search,29.3198,272.0
30,195,2,5,443.331,0,0,target_search,243.9937,41.7954
30,196,1,21,202.0273,0,0,target_search,30.3198,272.0
30,196,2,5,442.3993,0,0,target_search,244.7842,42.4079
30,197,1,21,202.0133,0,0,target_search,29.3198,272.0
30,197,2,5,441.4679,0,0,target_search,245.5746,43.0205
30,198,1,21,202.0273,0,0,target_search,30.3198,272.0
30,198,2,5,440.5368,0,0,target_search,246.365,43.6331
30,199,1,21,202.0133,0,0,target_search,29.3198,272.0
30,199,2,5,439.7161,0,0,target_search,247.2758,44.0459
30,200,1,21,202.0273,0,0,target_search,30.3198,272.0
30,200,2,5,438.8962,0,0,target_search,248.1866,44.4587
30,201,1,21,202.0133,0,0,target_search,29.3198,272.0
30,201,2,5,438.077,0,0,target_search,249.0975,44.8715
30,202,1,21,202.0273,0,0,target_search,30.3198,272.0
30,202,2,5,437.2585,0,0,target_search,250.0083,45.2843
30,203,1,21,202.0133,0,0,target_search,29.3198,272.0
30,203,2,5,436.5432,0,0,target_search,250.9733,45.5466
30,204,1,21,202.0273,0,0,target_search,30.3198,272.0
30,204,2,5,435.829,0,0,target_search,251.9383,45.8089
30,205,1,21,202.0133,0,0,target_search,29.3198,272.0
30,205,2,5,435.1159,0,0,target_search,252.9032,46.0712
30,206,1,21,202.0273,0,0,target_search,30.3198,272.0
30,206,2,5,434.1203,0,0,target_search,253.4847,46.8847
30,207,1,21,202.0133,0,0,target_search,29.3198,272.0
30,207,2,5,433.1246,0,0,target_search,254.0662,47.6983
30,208,1,21,202.0273,0,0,target_search,30.3198,272.0
30,208,2,5,432.1845,0,0,target_search,254.8336,48.3395
30,209,1,21,202.0133,0,0,target_search,29.3198,272.0
30,209,2,5,431.2446,0,0,target_search,255.6009,48.9808
30,210,1,21,202.0273,0,0,target_search,30.3198,272.0
30,210,2,5,430.305,0,0,target_search,256.3682,49.622
30,211,1,21,202.0133,0,0,target_search,29.3198,272.0
30,211,2,5,429.3657,0,0,target_search,257.1355,50.2633
30,212,1,21,202.0273,0,0,target_search,30.3198,272.0
30,212,2,5,428.4267,0,0,target_search,257.9029,50.9046
30,213,1,21,202.0133,0,0,target_search,29.3198,272.0
30,213,2,5,427.4879,0,0,target_search,258.6702,51.5458
30,214,1,21,202.0273,0,0,target_search,30.3198,272.0
30,214,2,5,426.6646,0,0,target_search,259.5726,51.9766
30,215,1,21,202.0133,0,0,target_search,29.3198,272.0
30,215,2,5,425.842,0,0,target_search,260.475,52.4075
30,216,1,21,202.0273,0,0,target_search,30.3198,272.0
30,216,2,5,425.0202,0,0,target_search,261.3775,52.8383
30,217,1,21,202.0133,0,0,target_search,29.3198,272.0
30,217,2,5,424.1992,0,0,target_search,262.2799,53.2691
30,218,1,21,202.0273,0,0,target_search,30.3198,272.0
30,218,2,5,423.4887,0,0,target_search,263.2426,53.5396
30,219,1,21,202.0133,0,0,target_search,29.3198,272.0
30,219,2,5,422.7794,0,0,target_search,264.2054,53.8101
30,220,1,21,202.0273,0,0,target_search,30.3198,272.0
30,220,2,5,422.0713,0,0,target_search,265.1681,54.0806
30,221,1,21,202.0133,0,0,target_search,29.3198,272.0
30,221,2,5,421.0986,0,0,target_search,265.4426,55.0422
30,222,1,21,202.0273,0,0,target_search,30.3198,272.0
30,222,2,5,420.126,0,0,target_search,265.7171,56.0037
30,223,1,21,202.0133,0,0,target_search,29.3198,272.0
30,223,2,5,419.1536,0,0,target_search,265.9917,56.9653
30,224,1,21,202.0273,0,0,target_search,30.3198,272.0
30,224,2,5,418.1813,0,0,target_search,266.2662,57.9269
30,225,1,21,202.0133,0,0,target_search,29.3198,272.0
30,225,2,5,417.8689,0,0,target_search,267.2471,57.7327
30,226,1,21,202.0273,0,0,target_search,30.3198,272.0
30,226,2,5,417.5586,0,0,target_search,268.2281,57.5385
30,227,1,21,202.0133,0,0,target_search,29.3198,272.0
30,227,2,5,417.2504,0,0,target_search,269.2091,57.3443
30,228,1,21,202.0273,0,0,target_search,30.3198,272.0
30,228,2,5,416.9445,0,0,target_search,270.19,57.1501
60,2,0,43,150.0191,0,0,target_search,114.1422,63.6305
60,2,1,0,373.1187,0,0,target_search,94.467,106.8492
60,3,0,43,149.5545,0,0,target_search,114.7156,64.4498
60,3,1,0,372.3669,0,0,target_search,93.6848,107.4722
60,4,0,43,149.0951,0,0,target_search,115.2891,65.2691
60,4,1,0,371.7911,0,0,target_search,92.7789,107.8957
60,5,0,43,148.6411,0,0,target_search,115.8625,66.0883
60,5,1,0,371.2171,0,0,target_search,91.873,108.3193
60,6,0,43,148.1924,0,0,target_search,116.4359,66.9076
60,6,1,0,370.645,0,0,target_search,90.9671,108.7428
60,7,0,43,147.4561,0,0,target_search,117.2654,67.4661
60,7,1,0,371.644,0,0,target_search,91.1799,107.7657
60,8,0,43,146.7229,0,0,target_search,118.0949,68.0245
60,8,1,0,372.6431,0,0,target_search,91.3927,106.7886
60,9,0,43,145.9929,0,0,target_search,118.9244,68.583
60,9,1,0,373.6421,0,0,target_search,91.6055,105.8115
60,10,0,43,145.2661,0,0,target_search,119.754,69.1415
60,10,1,0,374.5019,0,0,target_search,92.2556,105.0516
60,11,0,43,144.5425,0,0,target_search,120.5835,69.6999
60,11,1,0,375.3624,0,0,target_search,92.9057,104.2918
60,12,0,43,143.8223,0,0,target_search,121.413,70.2584
60,12,1,0,376.2235,0,0,target_search,93.5558,103.532
60,13,0,43,142.9161,0,0,target_search,122.3798,70.514
60,13,1,0,377.0854,0,0,target_search,94.2059,102.7721
60,14,0,43,142.0111,0,0,target_search,123.3466,70.7696
60,14,1,0,377.9479,0,0,target_search,94.856,102.0123
60,15,0,43,141.1074,0,0,target_search,124.3134,71.0252
60,15,1,0,378.8111,0,0,target_search,95.5061,101.2524
60,16,0,43,140.205,0,0,target_search,125.2801,71.2809
60,16,1,0,379.6749,0,0,target_search,96.1562,100.4926
60,17,0,43,139.3039,0,0,target_search,126.2469,71.5365
60,17,1,0,380.5395,0,0,target_search,96.8063,99.7327
60,18,0,43,138.3326,0,0,target_search,127.2458,71.584
60,18,1,0,381.4047,0,0,target_search,97.4564,98.9729
60,19,0,43,137.3617,0,0,target_search,128.2447,71.6314
60,19,1,0,382.2705,0,0,target_search,98.1066,98.2131
60,20,0,43,136.3912,0,0,target_search,129.2435,71.6789
60,20,1,0,383.137,0,0,target_search,98.7567,97.4532
60,21,0,43,135.4211,0,0,target_search,130.2424,71.7264
60,21,1,0,383.9693,0,0,target_search,99.4558,96.7382
60,22,0,43,134.4515,0,0,target_search,131.2413,71.7738
60,22,1,0,384.8023,0,0,target_search,100.1549,96.0232
60,23,0,43,133.4823,0,0,target_search,132.2402,71.8213
60,23,1,0,385.6361,0,0,target_search,100.854,95.3082
60,24,0,43,132.5077,0,0,target_search,133.2399,71.8443
60,24,1,0,386.4707,0,0,target_search,101.5532,94.5932
60,25,0,43,131.5336,0,0,target_search,134.2396,71.8674
60,25,1,0,387.306,0,0,target_search,102.2523,93.8782
60,26,0,43,130.5598,0,0,target_search,135.2394,71.8904
60,26,1,0,388.1422,0,0,target_search,102.9514,93.1632
60,27,0,43,129.5865,0,0,target_search,136.2391,71.9134
60,27,1,0,388.9791,0,0,target_search,103.6505,92.4482
60,28,0,43,128.6135,0,0,target_search,137.2388,71.9364
60,28,1,0,389.8168,0,0,target_search,104.3497,91.7332
60,29,0,43,127.641,0,0,target_search,138.2386,71.9594
60,29,1,0,390.4237,0,0,target_search,105.2484,91.2947
60,30,0,43,126.6646,0,0,target_search,139.2386,71.9636
60,30,1,0,391.0322,0,0,target_search,106.1471,90.8561
60,31,0,43,125.6886,0,0,target_search,140.2386,71.9677
60,31,1,0,391.6423,0,0,target_search,107.0458,90.4176
60,32,0,43,124.713,0,0,target_search,141.2385,71.9719
60,32,1,0,392.2541,0,0,target_search,107.9445,89.979
60,33,0,43,123.7378,0,0,target_search,142.2385,71.9761
60,33,1,0,392.8674,0,0,target_search,108.8432,89.5405
60,34,0,43,122.763,0,0,target_search,143.2385,71.9802
60,34,1,0,393.4822,0,0,target_search,109.7419,89.1019
60,35,0,43,121.7885,0,0,target_search,144.2385,71.9844
60,35,1,0,394.0987,0,0,target_search,110.6406,88.6634
60,36,0,43,120.8145,0,0,target_search,145.2385,71.9885
60,36,1,0,394.9172,0,0,target_search,111.3745,87.9841
60,37,0,43,119.8409,0,0,target_search,146.2385,71.9927
60,37,1,0,395.7365,0,0,target_search,112.1083,87.3048
60,38,0,43,119.2331,0,0,target_search,147.0117,72.6269
60,38,1,0,396.5567,0,0,target_search,112.8422,86.6255
60,39,0,43,118.6306,0,0,target_search,147.7848,73.2611
60,39,1,0,397.3777,0,0,target_search,113.5761,85.9462
60,40,0,43,118.0336,0,0,target_search,148.558,73.8953
60,40,1,0,398.1995,0,0,target_search,114.3099,85.2669
60,41,0,43,117.4419,0,0,target_search,149.3311,74.5295
60,41,1,0,399.0221,0,0,target_search,115.0438,84.5876
60,42,0,43,117.2068,0,0,target_search,149.6404,74.7832
60,42,1,0,399.8455,0,0,target_search,115.7777,83.9083
60,43,0,43,117.2068,0,1,target_search,149.6404,74.7832
60,43,1,0,400.6698,0,0,target_search,116.5116,83.229
60,44,0,43,117.2068,0,1,target_search,149.6404,74.7832
60,44,1,0,401.4948,0,0,target_search,117.2454,82.5497
60,45,0,43,117.2068,0,1,target_search,149.6404,74.7832
60,45,1,0,402.3206,0,0,target_search,117.9793,81.8704
60,46,0,43,117.2068,0,1,target_search,149.6404,74.7832
60,46,1,0,403.1472,0,0,target_search,118.7132,81.1911
60,47,0,43,117.2068,0,1,target_search,149.6404,74.7832
60,47,1,0,403.9929,0,0,target_search,119.4239,80.4877
60,48,0,43,117.2068,0,1,target_search,149.6404,74.7832
60,48,1,0,404.8393,0,0,target_search,120.1347,79.7843
60,49,0,43,117.2068,0,1,target_search,149.6404,74.7832
60,49,1,0,405.6864,0,0,target_search,120.8454,79.0808
60,50,0,43,117.2068,0,1,target_search,149.6404,74.7832
60,50,1,0,406.5341,0,0,target_search,121.5562,78.3774
60,51,0,43,117.2068,0,1,target_search,149.6404,74.7832
60,51,1,0,407.3826,0,0,target_search,122.267,77.674
60,52,0,43,117.2068,0,1,target_search,149.6404,74.7832
60,52,1,0,408.2318,0,0,target_search,122.9777,76.9705
60,53,0,43,117.2068,0,1,target_search,149.6404,74.7832
60,53,1,0,409.0816,0,0,target_search,123.6885,76.2671
60,54,0,43,117.2068,0,1,target_search,149.6404,74.7832
60,54,1,0,409.9321,0,0,target_search,124.3992,75.5637
60,55,0,43,117.2068,0,1,target_search,149.6404,74.7832
60,55,1,0,410.3576,0,0,target_search,124.7546,75.2119
60,56,0,43,117.2068,0,1,target_search,149.6404,74.7832
60,56,1,0,410.3576,0,1,target_search,124.7546,75.2119
60,57,0,43,117.2068,0,1,target_search,149.6404,74.7832
60,57,1,0,410.3576,0,1,target_search,124.7546,75.2119
60,58,0,43,117.2068,0,1,target_search,149.6404,74.7832
60,58,1,0,410.3576,0,1,target_search,124.7546,75.2119
60,59,0,43,117.2068,0,1,target_search,149.6404,74.7832
60,59,1,0,410.3576,0,1,target_search,124.7546,75.2119
60,60,0,43,117.2068,0,1,target_search,149.6404,74.7832
60,60,1,0,410.3576,0,1,target_search,124.7546,75.2119
60,61,0,43,117.2068,0,1,target_search,149.6404,74.7832
60,61,1,0,410.3576,0,1,target_search,124.7546,75.2119
60,62,0,43,117.2068,0,1,target_search,149.6404,74.7832
60,62,1,0,410.3576,0,1,target_search,124.7546,75.2119
60,63,0,43,117.2068,0,1,target_search,149.6404,74.7832
60,63,1,0,410.3576,0,1,target_search,124.7546,75.2119
60,64,0,43,117.2068,0,1,target_search,149.6404,74.7832
60,64,1,0,410.3576,0,1,target_search,124.7546,75.2119
60,65,0,43,117.2068,0,1,target_search,149.6404,74.7832
60,65,1,0,410.3576,0,1,target_search,124.7546,75.2119
60,66,0,43,117.2068,0,1,target_search,149.6404,74.7832
60,66,1,0,410.3576,0,1,target_search,124.7546,75.2119
60,67,0,43,117.2068,0,1,target_search,149.6404,74.7832
60,67,1,0,410.3576,0,1,target_search,124.7546,75.2119
60,68,0,43,117.2068,0,1,target_search,149.6404,74.7832
60,68,1,0,410.3576,0,1,target_search,124.7546,75.2119
60,69,0,43,117.2068,0,1,target_search,149.6404,74.7832
60,69,1,0,410.3576,0,1,target_search,124.7546,75.2119
60,70,0,43,117.2068,0,1,target_search,149.6404,74.7832
60,70,1,0,410.3576,0,1,target_search,124.7546,75.2119
60,71,0,43,117.2068,0,1,target_search,149.6404,74.7832
60,71,1,0,410.3576,0,1,target_search,124.7546,75.2119
60,72,0,43,117.2068,0,1,target_search,149.6404,74.7832
60,72,1,0,410.3576,0,1,target_search,124.7546,75.2119
60,73,0,43,117.2068,0,1,target_search,149.6404,74.7832
60,73,1,0,410.3576,0,1,target_search,124.7546,75.2119
60,74,0,43,117.2068,0,1,target_search,149.6404,74.7832
60,74,1,0,410.3576,0,1,target_search,124.7546,75.2119
60,75,0,43,117.2068,0,1,target_search,149.6404,74.7832
60,75,1,0,410.3576,0,1,target_search,124.7546,75.2119
60,76,0,43,117.2068,0,1,target_search,149.6404,74.7832
60,76,1,0,410.3576,0,1,target_search,124.7546,75.2119
60,77,0,43,117.2068,0,1,target_search,149.6404,74.7832
60,77,1,0,410.3576,0,1,target_search,124.7546,75.2119
60,78,0,43,117.2068,0,1,target_search,149.6404,74.7832
60,78,1,0,410.3576,0,1,target_search,124.7546,75.2119
60,79,0,43,117.2068,0,1,target_search,149.6404,74.7832
60,79,1,0,410.3576,0,1,target_search,124.7546,75.2119
60,80,0,43,117.2068,0,1,target_search,149.6404,74.7832
60,80,1,0,410.3576,0,1,target_search,124.7546,75.2119
60,81,0,43,117.2068,0,1,target_search,149.6404,74.7832
60,81,1,0,410.3576,0,1,target_search,124.7546,75.2119
60,82,0,43,117.2068,0,1,target_search,149.6404,74.7832
60,82,1,0,410.3576,0,1,target_search,124.7546,75.2119
60,83,0,43,117.2068,0,1,target_search,149.6404,74.7832
60,83,1,0,410.3576,0,1,target_search,124.7546,75.2119
60,84,0,43,117.2068,0,1,target_search,149.6404,74.7832
60,84,1,0,410.3576,0,1,target_search,124.7546,75.2119
60,85,0,43,117.2068,0,1,target_search,149.6404,74.7832
60,85,1,0,410.3576,0,1,target_search,124.7546,75.2119
60,86,0,43,117.2068,0,1,target_search,149.6404,74.7832
60,86,1,0,410.3576,0,1,target_search,124.7546,75.2119
60,87,0,43,117.2068,0,1,target_search,149.6404,74.7832
60,87,1,0,410.3576,0,1,target_search,124.7546,75.2119
60,88,0,43,117.2068,0,1,target_search,149.6404,74.7832
60,88,1,0,410.3576,0,1,target_search,124.7546,75.2119
60,89,0,43,117.2068,0,1,target_search,149.6404,74.7832
60,89,1,0,410.3576,0,1,target_search,124.7546,75.2119
60,90,0,43,117.2068,0,1,target_search,149.6404,74.7832
60,90,1,0,410.3576,0,1,target_search,124.7546,75.2119
60,91,0,43,117.2068,0,1,target_search,149.6404,74.7832
60,91,1,0,410.3576,0,1,target_search,124.7546,75.2119
60,92,0,43,117.2068,0,1,target_search,149.6404,74.7832
60,92,1,0,410.3576,0,1,target_search,124.7546,75.2119
60,93,0,43,117.2068,0,1,target_search,149.6404,74.7832
60,93,1,0,410.3576,0,1,target_search,124.7546,75.2119
60,94,0,43,117.2068,0,1,target_search,149.6404,74.7832
60,94,1,0,410.3576,0,1,target_search,124.7546,75.2119
60,95,0,43,117.2068,0,1,target_search,149.6404,74.7832
60,95,1,0,410.3576,0,1,target_search,124.7546,75.2119
60,96,0,43,117.2068,0,1,target_search,149.6404,74.7832
60,96,1,0,410.3576,0,1,target_search,124.7546,75.2119
60,97,0,43,117.2068,0,1,target_search,149.6404,74.7832
60,97,1,0,410.3576,0,1,target_search,124.7546,75.2119
60,98,0,43,117.2068,0,1,target_search,149.6404,74.7832
60,98,1,0,410.3576,0,1,target_search,124.7546,75.2119
60,99,0,43,117.2068,0,1,target_search,149.6404,74.7832
60,99,1,0,410.3576,0,1,target_search,124.7546,75.2119
60,100,0,43,117.2068,0,1,target_search,149.6404,74.7832
60,100,1,0,410.3576,0,1,target_search,124.7546,75.2119
60,101,0,43,117.2068,0,1,target_search,149.6404,74.7832
60,101,1,0,410.3576,0,1,target_search,124.7546,75.2119
60,102,0,43,117.2068,0,1,target_search,149.6404,74.7832
60,102,1,0,410.3576,0,1,target_search,124.7546,75.2119
60,103,0,43,117.2068,0,1,target_search,149.6404,74.7832
60,103,1,0,410.3576,0,1,target_search,124.7546,75.2119
60,104,0,43,117.2068,0,1,target_search,149.6404,74.7832
60,104,1,0,410.3576,0,1,target_search,124.7546,75.2119
60,105,0,43,117.2068,0,1,target_search,149.6404,74.7832
60,105,1,0,410.3576,0,1,target_search,124.7546,75.2119
60,106,0,43,117.2068,0,1,target_search,149.6404,74.7832
60,106,1,0,410.3576,0,1,target_search,124.7546,75.2119
60,107,0,43,117.2068,0,1,target_search,149.6404,74.7832
60,107,1,0,410.3576,0,1,target_search,124.7546,75.2119
60,108,0,43,117.2068,0,1,target_search,149.6404,74.7832
60,108,1,0,410.3576,0,1,target_search,124.7546,75.2119
60,109,0,43,117.2068,0,1,target_search,149.6404,74.7832
60,109,1,0,410.3576,0,1,target_search,124.7546,75.2119
60,110,0,43,117.2068,0,1,target_search,149.6404,74.7832
60,110,1,0,410.3576,0,1,target_search,124.7546,75.2119
60,111,0,43,117.2068,0,1,target_search,149.6404,74.7832
60,111,1,0,410.3576,0,1,target_search,124.7546,75.2119
60,112,0,43,117.2068,0,1,target_search,149.6404,74.7832
60,112,1,0,410.3576,0,1,target_search,124.7546,75.2119
60,113,0,43,117.2068,0,1,target_search,149.6404,74.7832
60,113,1,0,410.3576,0,1,target_search,124.7546,75.2119
60,114,0,43,117.2068,0,1,target_search,149.6404,74.7832
60,114,1,0,410.3576,0,1,target_search,124.7546,75.2119
60,115,0,43,117.2068,0,1,target_search,149.6404,74.7832
60,115,1,0,410.3576,0,1,target_search,124.7546,75.2119
60,116,0,43,117.2068,0,1,target_search,149.6404,74.7832
60,116,1,0,410.3576,0,1,target_search,124.7546,75.2119
60,117,0,43,117.2068,0,1,target_search,149.6404,74.7832
60,117,1,0,410.3576,0,1,target_search,124.7546,75.2119
60,118,0,43,117.2068,0,1,target_search,149.6404,74.7832
60,118,1,0,410.3576,0,1,target_search,124.7546,75.2119
60,119,0,43,117.2068,0,1,target_search,149.6404,74.7832
60,119,1,0,410.3576,0,1,target_search,124.7546,75.2119
60,120,0,43,117.2068,0,1,target_search,149.6404,74.7832
60,120,1,0,410.3576,0,1,target_search,124.7546,75.2119
60,121,0,43,117.2068,0,1,target_search,149.6404,74.7832
60,121,1,0,410.3576,0,1,target_search,124.7546,75.2119
60,122,0,43,117.2068,0,1,target_search,149.6404,74.7832
60,122,1,0,410.3576,0,1,target_search,124.7546,75.2119
60,123,0,43,117.2068,0,1,target_search,149.6404,74.7832
60,123,1,0,410.3576,0,1,target_search,124.7546,75.2119
60,124,0,43,117.2068,0,1,target_search,149.6404,74.7832
60,124,1,0,410.3576,0,1,target_search,124.7546,75.2119
60,125,0,43,117.2068,0,1,target_search,149.6404,74.7832
60,125,1,0,410.3576,0,1,target_search,124.7546,75.2119
60,126,0,43,117.2068,0,1,target_search,149.6404,74.7832
60,126,1,0,410.3576,0,1,target_search,124.7546,75.2119
60,127,0,43,117.2068,0,1,target_search,149.6404,74.7832
60,127,1,0,410.3576,0,1,target_search,124.7546,75.2119
60,128,0,43,117.2068,0,1,target_search,149.6404,74.7832
60,128,1,0,410.3576,0,1,target_search,124.7546,75.2119
60,129,0,43,117.2068,0,1,target_search,149.6404,74.7832
60,129,1,0,410.3576,0,1,target_search,124.7546,75.2119
60,130,0,43,117.2068,0,1,target_search,149.6404,74.7832
60,130,1,0,410.3576,0,1,target_search,124.7546,75.2119
60,131,0,43,117.2068,0,1,target_search,149.6404,74.7832
60,131,1,0,410.3576,0,1,target_search,124.7546,75.2119
60,132,0,43,117.2068,0,1,target_search,149.6404,74.7832
60,132,1,0,410.3576,0,1,target_search,124.7546,75.2119
60,133,0,43,117.2068,0,1,target_search,149.6404,74.7832
60,133,1,0,410.3576,0,1,target_search,124.7546,75.2119
60,134,0,43,117.2068,0,1,target_search,149.6404,74.7832
60,134,1,0,410.3576,0,1,target_search,124.7546,75.2119
60,135,0,43,117.2068,0,1,target_search,149.6404,74.7832
60,135,1,0,410.3576,0,1,target_search,124.7546,75.2119
60,136,0,43,117.2068,0,1,target_search,149.6404,74.7832
60,136,1,0,410.3576,0,1,target_search,124.7546,75.2119
60,137,0,43,117.2068,0,1,target_search,149.6404,74.7832
60,137,1,0,410.3576,0,1,target_search,124.7546,75.2119
60,138,0,43,117.2068,0,1,target_search,149.6404,74.7832
60,138,1,0,410.3576,0,1,target_search,124.7546,75.2119
60,139,0,43,117.2068,0,1,target_search,149.6404,74.7832
60,139,1,0,410.3576,0,1,target_search,124.7546,75.2119
60,140,0,43,117.2068,0,1,target_search,149.6404,74.7832
60,140,1,0,410.3576,0,1,target_search,124.7546,75.2119
60,141,0,43,117.2068,0,1,target_search,149.6404,74.7832
60,141,1,0,410.3576,0,1,target_search,124.7546,75.2119
60,142,0,43,117.2068,0,1,target_search,149.6404,74.7832
60,142,1,0,410.3576,0,1,target_search,124.7546,75.2119
60,143,0,43,117.2068,0,1,target_search,149.6404,74.7832
60,143,1,0,410.3576,0,1,target_search,124.7546,75.2119
60,144,0,43,117.2068,0,1,target_search,149.6404,74.7832
60,144,1,0,410.3576,0,1,target_search,124.7546,75.2119
60,145,0,43,117.2068,0,1,target_search,149.6404,74.7832
60,145,1,0,410.3576,0,1,target_search,124.7546,75.2119
60,146,0,43,117.2068,0,1,target_search,149.6404,74.7832
60,146,1,0,410.3576,0,1,target_search,124.7546,75.2119
60,147,0,43,117.2068,0,1,target_search,149.6404,74.7832
60,147,1,0,410.3576,0,1,target_search,124.7546,75.2119
60,148,0,43,117.2068,0,1,target_search,149.6404,74.7832
60,148,1,0,410.3576,0,1,target_search,124.7546,75.2119
60,149,0,43,117.2068,0,1,target_search,149.6404,74.7832
60,149,1,0,410.3576,0,1,target_search,124.7546,75.2119
60,150,0,43,117.2068,0,1,target_search,149.6404,74.7832
60,150,1,0,410.3576,0,1,target_search,124.7546,75.2119
60,151,0,43,117.2068,0,1,target_search,149.6404,74.7832
60,151,1,0,410.3576,0,1,target_search,124.7546,75.2119
60,152,0,43,117.2068,0,1,target_search,149.6404,74.7832
60,152,1,0,410.3576,0,1,target_search,124.7546,75.2119
60,153,0,43,117.2068,0,1,target_search,149.6404,74.7832
60,153,1,0,410.3576,0,1,target_search,124.7546,75.2119
60,154,0,43,117.2068,0,1,target_search,149.6404,74.7832
60,154,1,0,410.3576,0,1,target_search,124.7546,75.2119
60,155,0,43,117.2068,0,1,target_search,149.6404,74.7832
60,155,1,0,410.3576,0,1,target_search,124.7546,75.2119
60,156,0,43,117.2068,0,1,target_search,149.6404,74.7832
60,156,1,0,410.3576,0,1,target_search,124.7546,75.2119
60,157,0,43,117.2068,0,1,target_search,149.6404,74.7832
60,157,1,0,410.3576,0,1,target_search,124.7546,75.2119
60,158,0,43,117.2068,0,1,target_search,149.6404,74.7832
60,158,1,0,410.3576,0,1,target_search,124.7546,75.2119
60,159,0,43,117.2068,0,1,target_search,149.6404,74.7832
60,159,1,0,410.3576,0,1,target_search,124.7546,75.2119
60,160,0,43,117.2068,0,1,target_search,149.6404,74.7832
60,160,1,0,410.3576,0,1,target_search,124.7546,75.2119
60,161,0,43,117.2068,0,1,target_search,149.6404,74.7832
60,161,1,0,410.3576,0,1,target_search,124.7546,75.2119
60,162,0,43,117.2068,0,1,target_search,149.6404,74.7832
60,162,1,0,410.3576,0,1,target_search,124.7546,75.2119
60,163,0,43,117.2068,0,1,target_search,149.6404,74.7832
60,163,1,0,410.3576,0,1,target_search,124.7546,75.2119
60,164,0,43,117.2068,0,1,target_search,149.6404,74.7832
60,164,1,0,410.3576,0,1,target_search,124.7546,75.2119
60,165,0,43,117.2068,0,1,target_search,149.6404,74.7832
60,165,1,0,410.3576,0,1,target_search,124.7546,75.2119
60,166,0,43,117.2068,0,1,target_search,149.6404,74.7832
60,166,1,0,410.3576,0,1,target_search,124.7546,75.2119
60,167,0,43,117.2068,0,1,target_search,149.6404,74.7832
60,167,1,0,410.3576,0,1,target_search,124.7546,75.2119
60,168,0,43,117.2068,0,1,target_search,149.6404,74.7832
60,168,1,0,410.3576,0,1,target_search,124.7546,75.2119
60,169,0,43,117.2068,0,1,target_search,149.6404,74.7832
60,169,1,0,410.3576,0,1,target_search,124.7546,75.2119
60,170,0,43,117.2068,0,1,target_search,149.6404,74.7832
60,170,1,0,410.3576,0,1,target_search,124.7546,75.2119
60,171,0,43,117.2068,0,1,target_search,149.6404,74.7832
60,171,1,0,410.3576,0,1,target_search,124.7546,75.2119
60,172,0,43,117.2068,0,1,target_search,149.6404,74.7832
60,172,1,0,410.3576,0,1,target_search,124.7546,75.2119
60,173,0,43,117.2068,0,1,target_search,149.6404,74.7832
60,173,1,0,410.3576,0,1,target_search,124.7546,75.2119
60,174,0,43,117.2068,0,1,target_search,149.6404,74.7832
60,174,1,0,410.3576,0,1,target_search,124.7546,75.2119
60,175,0,43,117.2068,0,1,target_search,149.6404,74.7832
60,175,1,0,410.3576,0,1,target_search,124.7546,75.2119
60,176,0,43,117.2068,0,1,target_search,149.6404,74.7832
60,176,1,0,410.3576,0,1,target_search,124.7546,75.2119
60,177,0,43,117.2068,0,1,target_search,149.6404,74.7832
60,177,1,0,410.3576,0,1,target_search,124.7546,75.2119
60,178,0,43,117.2068,0,1,target_search,149.6404,74.7832
60,178,1,0,410.3576,0,1,target_search,124.7546,75.2119
60,179,0,43,117.2068,0,1,target_search,149.6404,74.7832
60,179,1,0,410.3576,0,1,target_search,124.7546,75.2119
60,180,0,43,117.2068,0,1,target_search,149.6404,74.7832
60,180,1,0,410.3576,0,1,target_search,124.7546,75.2119
60,181,0,43,117.2068,0,1,target_search,149.6404,74.7832
60,181,1,0,410.3576,0,1,target_search,124.7546,75.2119
60,182,0,43,117.2068,0,1,target_search,149.6404,74.7832
60,182,1,0,410.3576,0,1,target_search,124.7546,75.2119
60,183,0,43,117.2068,0,1,target_search,149.6404,74.7832
60,183,1,0,410.3576,0,1,target_search,124.7546,75.2119
60,184,0,43,117.2068,0,1,target_search,149.6404,74.7832
60,184,1,0,410.3576,0,1,target_search,124.7546,75.2119
60,185,0,43,117.2068,0,1,target_search,149.6404,74.7832
60,185,1,0,410.3576,0,1,target_search,124.7546,75.2119
60,186,0,43,117.2068,0,1,target_search,149.6404,74.7832
60,186,1,0,410.3576,0,1,target_search,124.7546,75.2119
60,187,0,43,117.2068,0,1,target_search,149.6404,74.7832
60,187,1,0,410.3576,0,1,target_search,124.7546,75.2119
60,188,0,43,117.2068,0,1,target_search,149.6404,74.7832
60,188,1,0,410.3576,0,1,target_search,124.7546,75.2119
60,189,0,43,117.2068,0,1,target_search,149.6404,74.7832
60,189,1,0,410.3576,0,1,target_search,124.7546,75.2119
60,190,0,43,117.2068,0,1,target_search,149.6404,74.7832
60,190,1,0,410.3576,0,1,target_search,124.7546,75.2119
60,191,0,43,117.2068,0,1,target_search,149.6404,74.7832
60,191,1,0,410.3576,0,1,target_search,124.7546,75.2119
60,192,0,43,117.2068,0,1,target_search,149.6404,74.7832
60,192,1,0,410.3576,0,1,target_search,124.7546,75.2119
60,193,0,43,117.2068,0,1,target_search,149.6404,74.7832
60,193,1,0,410.3576,0,1,target_search,124.7546,75.2119
60,194,0,43,117.2068,0,1,target_search,149.6404,74.7832
60,194,1,0,410.3576,0,1,target_search,124.7546,75.2119
60,195,0,43,117.2068,0,1,target_search,149.6404,74.7832
60,195,1,0,410.3576,0,1,target_search,124.7546,75.2119
60,196,0,43,117.2068,0,1,target_search,149.6404,74.7832
60,196,1,0,410.3576,0,1,target_search,124.7546,75.2119
60,197,0,43,117.2068,0,1,target_search,149.6404,74.7832
60,197,1,0,410.3576,0,1,target_search,124.7546,75.2119
60,198,0,43,117.2068,0,1,target_search,149.6404,74.7832
60,198,1,0,410.3576,0,1,target_search,124.7546,75.2119
60,199,0,43,117.2068,0,1,target_search,149.6404,74.7832
60,199,1,0,410.3576,0,1,target_search,124.7546,75.2119
60,200,0,43,117.2068,0,1,target_search,149.6404,74.7832
60,200,1,0,410.3576,0,1,target_search,124.7546,75.2119
60,201,0,43,117.2068,0,1,target_search,149.6404,74.7832
60,201,1,0,410.3576,0,1,target_search,124.7546,75.2119
60,202,0,43,117.2068,0,1,target_search,149.6404,74.7832
60,202,1,0,410.3576,0,1,target_search,124.7546,75.2119
60,203,0,43,117.2068,0,1,target_search,149.6404,74.7832
60,203,1,0,410.3576,0,1,target_search,124.7546,75.2119
60,204,0,43,117.2068,0,1,target_search,149.6404,74.7832
60,204,1,0,410.3576,0,1,target_search,124.7546,75.2119
60,205,0,43,117.2068,0,1,target_search,149.6404,74.7832
60,205,1,0,410.3576,0,1,target_search,124.7546,75.2119
60,206,0,43,117.2068,0,1,target_search,149.6404,74.7832
60,206,1,0,410.3576,0,1,target_search,124.7546,75.2119
60,207,0,43,117.2068,0,1,target_search,149.6404,74.7832
60,207,1,0,410.3576,0,1,target_search,124.7546,75.2119
60,208,0,43,117.2068,0,1,target_search,149.6404,74.7832
60,208,1,0,410.3576,0,1,target_search,124.7546,75.2119
60,209,0,43,117.2068,0,1,target_search,149.6404,74.7832
60,209,1,0,410.3576,0,1,target_search,124.7546,75.2119
60,210,0,43,117.2068,0,1,target_search,149.6404,74.7832
60,210,1,0,410.3576,0,1,target_search,124.7546,75.2119
60,211,0,43,117.2068,0,1,target_search,149.6404,74.7832
60,211,1,0,410.3576,0,1,target_search,124.7546,75.2119
60,212,0,43,117.2068,0,1,target_search,149.6404,74.7832
60,212,1,0,410.3576,0,1,target_search,124.7546,75.2119
60,213,0,43,117.2068,0,1,target_search,149.6404,74.7832
60,213,1,0,410.3576,0,1,target_search,124.7546,75.2119
60,214,0,43,117.2068,0,1,target_search,149.6404,74.7832
60,214,1,0,410.3576,0,1,target_search,124.7546,75.2119
60,215,0,43,117.2068,0,1,target_search,149.6404,74.7832
60,215,1,0,410.3576,0,1,target_search,124.7546,75.2119
60,216,0,43,117.2068,0,1,target_search,149.6404,74.7832
60,216,1,0,410.3576,0,1,target_search,124.7546,75.2119
60,217,0,43,117.2068,0,1,target_search,149.6404,74.7832
60,217,1,0,410.3576,0,1,target_search,124.7546,75.2119
60,218,0,43,117.2068,0,1,target_search,149.6404,74.7832
60,218,1,0,410.3576,0,1,target_search,124.7546,75.2119
60,219,0,43,117.2068,0,1,target_search,149.6404,74.7832
60,219,1,0,410.3576,0,1,target_search,124.7546,75.2119
60,220,0,43,117.2068,0,1,target_search,149.6404,74.7832
60,220,1,0,410.3576,0,1,target_search,124.7546,75.2119
60,221,0,43,117.2068,0,1,target_search,149.6404,74.7832
60,221,1,0,410.3576,0,1,target_search,124.7546,75.2119
60,222,0,43,117.2068,0,1,target_search,149.6404,74.7832
60,222,1,0,410.3576,0,1,target_search,124.7546,75.2119
60,223,0,43,117.2068,0,1,target_search,149.6404,74.7832
60,223,1,0,410.3576,0,1,target_search,124.7546,75.2119
60,224,0,43,117.2068,0,1,target_search,149.6404,74.7832
60,224,1,0,410.3576,0,1,target_search,124.7546,75.2119
60,225,0,43,117.2068,0,1,target_search,149.6404,74.7832
60,225,1,0,410.3576,0,1,target_search,124.7546,75.2119
60,226,0,43,117.2068,0,1,target_search,149.6404,74.7832
60,226,1,0,410.3576,0,1,target_search,124.7546,75.2119
60,227,0,43,117.2068,0,1,target_search,149.6404,74.7832
60,227,1,0,410.3576,0,1,target_search,124.7546,75.2119
60,228,0,43,117.2068,0,1,target_search,149.6404,74.7832
60,228,1,0,410.3576,0,1,target_search,124.7546,75.2119
60,229,0,43,117.2068,0,1,target_search,149.6404,74.7832
60,229,1,0,410.3576,0,1,target_search,124.7546,75.2119
60,230,0,43,117.2068,0,1,target_search,149.6404,74.7832
60,230,1,0,410.3576,0,1,target_search,124.7546,75.2119
60,231,0,43,117.2068,0,1,target_search,149.6404,74.7832
60,231,1,0,410.3576,0,1,target_search,124.7546,75.2119
60,232,0,43,117.2068,0,1,target_search,149.6404,74.7832
60,232,1,0,410.3576,0,1,target_search,124.7546,75.2119
60,233,0,43,117.2068,0,1,target_search,149.6404,74.7832
60,233,1,0,410.3576,0,1,target_search,124.7546,75.2119
60,234,0,43,117.2068,0,1,target_search,149.6404,74.7832
60,234,1,0,410.3576,0,1,target_search,124.7546,75.2119
60,235,0,43,117.2068,0,1,target_search,149.6404,74.7832
60,235,1,0,410.3576,0,1,target_search,124.7546,75.2119
60,236,0,43,117.2068,0,1,target_search,149.6404,74.7832
60,236,1,0,410.3576,0,1,target_search,124.7546,75.2119
60,237,0,43,117.2068,0,1,target_search,149.6404,74.7832
60,237,1,0,410.3576,0,1,target_search,124.7546,75.2119
60,238,0,43,117.2068,0,1,target_search,149.6404,74.7832
60,238,1,0,410.3576,0,1,target_search,124.7546,75.2119
60,239,0,43,117.2068,0,1,target_search,149.6404,74.7832
60,239,1,0,410.3576,0,1,target_search,124.7546,75.2119
60,240,0,43,117.2068,0,1,target_search,149.6404,74.7832
60,240,1,0,410.3576,0,1,target_search,124.7546,75.2119
60,241,0,43,117.2068,0,1,target_search,149.6404,74.7832
60,241,1,0,410.3576,0,1,target_search,124.7546,75.2119
60,242,0,43,117.2068,0,1,target_search,149.6404,74.7832
60,242,1,0,410.3576,0,1,target_search,124.7546,75.2119
60,243,0,43,117.2068,0,1,target_search,149.6404,74.7832
60,243,1,0,410.3576,0,1,target_search,124.7546,75.2119
60,244,0,43,117.2068,0,1,target_search,149.6404,74.7832
60,244,1,0,410.3576,0,1,target_search,124.7546,75.2119
60,245,0,43,117.2068,0,1,target_search,149.6404,74.7832
60,245,1,0,410.3576,0,1,target_search,124.7546,75.2119
60,246,0,43,117.2068,0,1,target_search,149.6404,74.7832
60,246,1,0,410.3576,0,1,target_search,124.7546,75.2119
60,247,0,43,117.2068,0,1,target_search,149.6404,74.7832
60,247,1,0,410.3576,0,1,target_search,124.7546,75.2119
60,248,0,43,117.2068,0,1,target_search,149.6404,74.7832
60,248,1,0,410.3576,0,1,target_search,124.7546,75.2119
60,249,0,43,117.2068,0,1,target_search,149.6404,74.7832
60,249,1,0,410.3576,0,1,target_search,124.7546,75.2119
60,250,0,43,117.2068,0,1,target_search,149.6404,74.7832
60,250,1,0,410.3576,0,1,target_search,124.7546,75.2119
60,251,0,43,117.2068,0,1,target_search,149.6404,74.7832
60,251,1,0,410.3576,0,1,target_search,124.7546,75.2119
60,252,0,43,117.2068,0,1,target_search,149.6404,74.7832
60,252,1,0,410.3576,0,1,target_search,124.7546,75.2119
60,253,0,43,117.2068,0,1,target_search,149.6404,74.7832
60,253,1,0,410.3576,0,1,target_search,124.7546,75.2119
60,254,0,43,117.2068,0,1,target_search,149.6404,74.7832
60,254,1,0,410.3576,0,1,target_search,124.7546,75.2119
60,255,0,43,117.2068,0,1,target_search,149.6404,74.7832
60,255,1,0,410.3576,0,1,target_search,124.7546,75.2119
60,256,0,43,117.2068,0,1,target_search,149.6404,74.7832
60,256,1,0,410.3576,0,1,target_search,124.7546,75.2119
60,257,0,43,117.2068,0,1,target_search,149.6404,74.7832
60,257,1,0,410.3576,0,1,target_search,124.7546,75.2119
60,258,0,43,117.2068,0,1,target_search,149.6404,74.7832
60,258,1,0,410.3576,0,1,target_search,124.7546,75.2119
60,259,0,43,117.2068,0,1,target_search,149.6404,74.7832
60,259,1,0,410.3576,0,1,target_search,124.7546,75.2119
60,260,0,43,117.2068,0,1,target_search,149.6404,74.7832
60,260,1,0,410.3576,0,1,target_search,124.7546,75.2119
60,261,0,43,117.2068,0,1,target_search,149.6404,74.7832
60,261,1,0,410.3576,0,1,target_search,124.7546,75.2119
60,262,0,43,117.2068,0,1,target_search,149.6404,74.7832
60,262,1,0,410.3576,0,1,target_search,124.7546,75.2119
60,263,0,43,117.2068,0,1,target_search,149.6404,74.7832
60,263,1,0,410.3576,0,1,target_search,124.7546,75.2119
60,264,0,43,117.2068,0,1,target_search,149.6404,74.7832
60,264,1,0,410.3576,0,1,target_search,124.7546,75.2119
60,265,0,43,117.2068,0,1,target_search,149.6404,74.7832
60,265,1,0,410.3576,0,1,target_search,124.7546,75.2119
60,266,0,43,117.2068,0,1,target_search,149.6404,74.7832
60,266,1,0,410.3576,0,1,target_search,124.7546,75.2119
60,267,0,43,117.2068,0,1,target_search,149.6404,74.7832
60,267,1,0,410.3576,0,1,target_search,124.7546,75.2119
60,268,0,43,117.2068,0,1,target_search,149.6404,74.7832
60,268,1,0,410.3576,0,1,target_search,124.7546,75.2119
60,269,0,43,117.2068,0,1,target_search,149.6404,74.7832
60,269,1,0,410.3576,0,1,target_search,124.7546,75.2119
60,270,0,43,117.2068,0,1,target_search,149.6404,74.7832
60,270,1,0,410.3576,0,1,target_search,124.7546,75.2119
60,271,0,43,117.2068,0,1,target_search,149.6404,74.7832
60,271,1,0,410.3576,0,1,target_search,124.7546,75.2119
60,272,0,43,117.2068,0,1,target_search,149.6404,74.7832
60,272,1,0,410.3576,0,1,target_search,124.7546,75.2119
60,273,0,43,117.2068,0,1,target_search,149.6404,74.7832
60,273,1,0,410.3576,0,1,target_search,124.7546,75.2119
60,274,0,43,117.2068,0,1,target_search,149.6404,74.7832
60,274,1,0,410.3576,0,1,target_search,124.7546,75.2119
60,275,0,43,117.2068,0,1,target_search,149.6404,74.7832
60,275,1,0,410.3576,0,1,target_search,124.7546,75.2119
60,276,0,43,117.2068,0,1,target_search,149.6404,74.7832
60,276,1,0,410.3576,0,1,target_search,124.7546,75.2119
60,277,0,43,117.2068,0,1,target_search,149.6404,74.7832
60,277,1,0,410.3576,0,1,target_search,124.7546,75.2119
60,278,0,43,117.2068,0,1,target_search,149.6404,74.7832
60,278,1,0,410.3576,0,1,target_search,124.7546,75.2119
60,279,0,43,117.2068,0,1,target_search,149.6404,74.7832
60,279,1,0,410.3576,0,1,target_search,124.7546,75.2119
60,280,0,43,117.2068,0,1,target_search,149.6404,74.7832
60,280,1,0,410.3576,0,1,target_search,124.7546,75.2119
60,281,0,43,117.2068,0,1,target_search,149.6404,74.7832
60,281,1,0,410.3576,0,1,target_search,124.7546,75.2119
60,282,0,43,117.2068,0,1,target_search,149.6404,74.7832
60,282,1,0,410.3576,0,1,target_search,124.7546,75.2119
60,283,0,43,117.2068,0,1,target_search,149.6404,74.7832
60,283,1,0,410.3576,0,1,target_search,124.7546,75.2119
60,284,0,43,117.2068,0,1,target_search,149.6404,74.7832
60,284,1,0,410.3576,0,1,target_search,124.7546,75.2119
60,285,0,43,117.2068,0,1,target_search,149.6404,74.7832
60,285,1,0,410.3576,0,1,target_search,124.7546,75.2119
60,286,0,43,117.2068,0,1,target_search,149.6404,74.7832
60,286,1,0,410.3576,0,1,target_search,124.7546,75.2119
60,287,0,43,117.2068,0,1,target_search,149.6404,74.7832
60,287,1,0,410.3576,0,1,target_search,124.7546,75.2119
60,288,0,43,117.2068,0,1,target_search,149.6404,74.7832
60,288,1,0,410.3576,0,1,target_search,124.7546,75.2119
60,289,0,43,117.2068,0,1,target_search,149.6404,74.7832
60,289,1,0,410.3576,0,1,target_search,124.7546,75.2119
60,290,0,43,117.2068,0,1,target_search,149.6404,74.7832
60,290,1,0,410.3576,0,1,target_search,124.7546,75.2119
60,291,0,43,117.2068,0,1,target_search,149.6404,74.7832
60,291,1,0,410.3576,0,1,target_search,124.7546,75.2119
60,292,0,43,117.2068,0,1,target_search,149.6404,74.7832
60,292,1,0,410.3576,0,1,target_search,124.7546,75.2119
60,293,0,43,117.2068,0,1,target_search,149.6404,74.7832
60,293,1,0,410.3576,0,1,target_search,124.7546,75.2119
60,294,0,43,117.2068,0,1,target_search,149.6404,74.7832
60,294,1,0,410.3576,0,1,target_search,124.7546,75.2119
60,295,0,43,117.2068,0,1,target_search,149.6404,74.7832
60,295,1,0,410.3576,0,1,target_search,124.7546,75.2119
60,296,0,43,117.2068,0,1,target_search,149.6404,74.7832
60,296,1,0,410.3576,0,1,target_search,124.7546,75.2119
60,297,0,43,117.2068,0,1,target_search,149.6404,74.7832
60,297,1,0,410.3576,0,1,target_search,124.7546,75.2119
60,298,0,43,117.2068,0,1,target_search,149.6404,74.7832
60,298,1,0,410.3576,0,1,target_search,124.7546,75.2119
60,299,0,43,117.2068,0,1,target_search,149.6404,74.7832
60,299,1,0,410.3576,0,1,target_search,124.7546,75.2119
60,300,0,43,117.2068,0,1,target_search,149.6404,74.7832
60,300,1,0,410.3576,0,1,target_search,124.7546,75.2119
60,301,0,43,117.2068,0,1,target_search,149.6404,74.7832
60,301,1,0,410.3576,0,1,target_search,124.7546,75.2119
60,302,0,43,117.2068,0,1,target_search,149.6404,74.7832
60,302,1,0,410.3576,0,1,target_search,124.7546,75.2119
60,303,0,43,117.2068,0,1,target_search,149.6404,74.7832
60,303,1,0,410.3576,0,1,target_search,124.7546,75.2119
60,304,0,43,117.2068,0,1,target_search,149.6404,74.7832
60,304,1,0,410.3576,0,1,target_search,124.7546,75.2119
60,305,0,43,117.2068,0,1,target_search,149.6404,74.7832
60,305,1,0,410.3576,0,1,target_search,124.7546,75.2119
60,306,0,43,117.2068,0,1,target_search,149.6404,74.7832
60,306,1,0,410.3576,0,1,target_search,124.7546,75.2119
60,307,0,43,117.2068,0,1,target_search,149.6404,74.7832
60,307,1,0,410.3576,0,1,target_search,124.7546,75.2119
60,308,0,43,117.2068,0,1,target_search,149.6404,74.7832
60,308,1,0,410.3576,0,1,target_search,124.7546,75.2119
60,309,0,43,117.2068,0,1,target_search,149.6404,74.7832
60,309,1,0,410.3576,0,1,target_search,124.7546,75.2119
60,310,0,43,117.2068,0,1,target_search,149.6404,74.7832
60,310,1,0,410.3576,0,1,target_search,124.7546,75.2119
60,311,0,43,117.2068,0,1,target_search,149.6404,74.7832
60,311,1,0,410.3576,0,1,target_search,124.7546,75.2119
60,312,0,43,117.2068,0,1,target_search,149.6404,74.7832
60,312,1,0,410.3576,0,1,target_search,124.7546,75.2119
60,313,0,43,117.2068,0,1,target_search,149.6404,74.7832
60,313,1,0,410.3576,0,1,target_search,124.7546,75.2119
60,314,0,43,117.2068,0,1,target_search,149.6404,74.7832
60,314,1,0,410.3576,0,1,target_search,124.7546,75.2119
60,315,0,43,117.2068,0,1,target_search,149.6404,74.7832
60,315,1,0,410.3576,0,1,target_search,124.7546,75.2119
60,316,0,43,117.2068,0,1,target_search,149.6404,74.7832
60,316,1,0,410.3576,0,1,target_search,124.7546,75.2119
60,317,0,43,117.2068,0,1,target_search,149.6404,74.7832
60,317,1,0,410.3576,0,1,target_search,124.7546,75.2119
60,318,0,43,117.2068,0,1,target_search,149.6404,74.7832
60,318,1,0,410.3576,0,1,target_search,124.7546,75.2119
60,319,0,43,117.2068,0,1,target_search,149.6404,74.7832
60,319,1,0,410.3576,0,1,target_search,124.7546,75.2119
60,320,0,43,117.2068,0,1,target_search,149.6404,74.7832
60,320,1,0,410.3576,0,1,target_search,124.7546,75.2119
60,321,0,43,117.2068,0,1,target_search,149.6404,74.7832
60,321,1,0,410.3576,0,1,target_search,124.7546,75.2119
60,322,0,43,117.2068,0,1,target_search,149.6404,74.7832
60,322,1,0,410.3576,0,1,target_search,124.7546,75.2119
60,323,0,43,117.2068,0,1,target_search,149.6404,74.7832
60,323,1,0,410.3576,0,1,target_search,124.7546,75.2119
60,324,0,43,117.2068,0,1,target_search,149.6404,74.7832
60,324,1,0,410.3576,0,1,target_search,124.7546,75.2119
60,325,0,43,117.2068,0,1,target_search,149.6404,74.7832
60,325,1,0,410.3576,0,1,target_search,124.7546,75.2119
60,326,0,43,117.2068,0,1,target_search,149.6404,74.7832
60,326,1,0,410.3576,0,1,target_search,124.7546,75.2119
60,327,0,43,117.2068,0,1,target_search,149.6404,74.7832
60,327,1,0,410.3576,0,1,target_search,124.7546,75.2119
60,328,0,43,117.2068,0,1,target_search,149.6404,74.7832
60,328,1,0,410.3576,0,1,target_search,124.7546,75.2119
60,329,0,43,117.2068,0,1,target_search,149.6404,74.7832
60,329,1,0,410.3576,0,1,target_search,124.7546,75.2119
60,330,0,43,117.2068,0,1,target_search,149.6404,74.7832
60,330,1,0,410.3576,0,1,target_search,124.7546,75.2119
60,331,0,43,117.2068,0,1,target_search,149.6404,74.7832
60,331,1,0,410.3576,0,1,target_search,124.7546,75.2119
60,332,0,43,117.2068,0,1,target_search,149.6404,74.7832
60,332,1,0,410.3576,0,1,target_search,124.7546,75.2119
60,333,0,43,117.2068,0,1,target_search,149.6404,74.7832
60,333,1,0,410.3576,0,1,target_search,124.7546,75.2119
60,334,0,43,117.2068,0,1,target_search,149.6404,74.7832
60,334,1,0,410.3576,0,1,target_search,124.7546,75.2119
60,335,0,43,117.2068,0,1,target_search,149.6404,74.7832
60,335,1,0,410.3576,0,1,target_search,124.7546,75.2119
60,336,0,43,117.2068,0,1,target_search,149.6404,74.7832
60,336,1,0,410.3576,0,1,target_search,124.7546,75.2119
60,337,0,43,117.2068,0,1,target_search,149.6404,74.7832
60,337,1,0,410.3576,0,1,target_search,124.7546,75.2119
60,338,0,43,117.2068,0,1,target_search,149.6404,74.7832
60,338,1,0,410.3576,0,1,target_search,124.7546,75.2119
60,339,0,43,117.2068,0,1,target_search,149.6404,74.7832
60,339,1,0,410.3576,0,1,target_search,124.7546,75.2119
60,340,0,43,117.2068,0,1,target_search,149.6404,74.7832
60,340,1,0,410.3576,0,1,target_search,124.7546,75.2119
60,341,0,43,117.2068,0,1,target_search,149.6404,74.7832
60,341,1,0,410.3576,0,1,target_search,124.7546,75.2119
60,342,0,43,117.2068,0,1,target_search,149.6404,74.7832
60,342,1,0,410.3576,0,1,target_search,124.7546,75.2119
60,343,0,43,117.2068,0,1,target_search,149.6404,74.7832
60,343,1,0,410.3576,0,1,target_search,124.7546,75.2119
60,344,0,43,117.2068,0,1,target_search,149.6404,74.7832
60,344,1,0,410.3576,0,1,target_search,124.7546,75.2119
60,345,0,43,117.2068,0,1,target_search,149.6404,74.7832
60,345,1,0,410.3576,0,1,target_search,124.7546,75.2119
60,346,0,43,117.2068,0,1,target_search,149.6404,74.7832
60,346,1,0,410.3576,0,1,target_search,124.7546,75.2119
60,347,0,43,117.2068,0,1,target_search,149.6404,74.7832
60,347,1,0,410.3576,0,1,target_search,124.7546,75.2119
60,348,0,43,117.2068,0,1,target_search,149.6404,74.7832
60,348,1,0,410.3576,0,1,target_search,124.7546,75.2119
60,349,0,43,117.2068,0,1,target_search,149.6404,74.7832
60,349,1,0,410.3576,0,1,target_search,124.7546,75.2119
60,350,0,43,117.2068,0,1,target_search,149.6404,74.7832
60,350,1,0,410.3576,0,1,target_search,124.7546,75.2119
60,351,0,43,117.2068,0,1,target_search,149.6404,74.7832
60,351,1,0,410.3576,0,1,target_search,124.7546,75.2119
60,352,0,43,117.2068,0,1,target_search,149.6404,74.7832
60,352,1,0,410.3576,0,1,target_search,124.7546,75.2119
60,353,0,43,117.2068,0,1,target_search,149.6404,74.7832
60,353,1,0,410.3576,0,1,target_search,124.7546,75.2119
60,354,0,43,117.2068,0,1,target_search,149.6404,74.7832
60,354,1,0,410.3576,0,1,target_search,124.7546,75.2119
60,355,0,43,117.2068,0,1,target_search,149.6404,74.7832
60,355,1,0,410.3576,0,1,target_search,124.7546,75.2119
60,356,0,43,117.2068,0,1,target_search,149.6404,74.7832
60,356,1,0,410.3576,0,1,target_search,124.7546,75.2119
60,357,0,43,117.2068,0,1,target_search,149.6404,74.7832
60,357,1,0,410.3576,0,1,target_search,124.7546,75.2119
60,358,0,43,117.2068,0,1,target_search,149.6404,74.7832
60,358,1,0,410.3576,0,1,target_search,124.7546,75.2119
60,359,0,43,117.2068,0,1,target_search,149.6404,74.7832
60,359,1,0,410.3576,0,1,target_search,124.7546,75.2119
60,360,0,43,117.2068,0,1,target_search,149.6404,74.7832
60,360,1,0,410.3576,0,1,target_search,124.7546,75.2119
60,361,0,43,117.2068,0,1,target_search,149.6404,74.7832
60,361,1,0,410.3576,0,1,target_search,124.7546,75.2119
60,362,0,43,117.2068,0,1,target_search,149.6404,74.7832
60,362,1,0,410.3576,0,1,target_search,124.7546,75.2119
60,363,0,43,117.2068,0,1,target_search,149.6404,74.7832
60,363,1,0,410.3576,0,1,target_search,124.7546,75.2119
60,364,0,43,117.2068,0,1,target_search,149.6404,74.7832
60,364,1,0,410.3576,0,1,target_search,124.7546,75.2119
60,365,0,43,117.2068,0,1,target_search,149.6404,74.7832
60,365,1,0,410.3576,0,1,target_search,124.7546,75.2119
60,366,0,43,117.2068,0,1,target_search,149.6404,74.7832
60,366,1,0,410.3576,0,1,target_search,124.7546,75.2119
60,367,0,43,117.2068,0,1,target_search,149.6404,74.7832
60,367,1,0,410.3576,0,1,target_search,124.7546,75.2119
60,368,0,43,117.2068,0,1,target_search,149.6404,74.7832
60,368,1,0,410.3576,0,1,target_search,124.7546,75.2119
60,369,0,43,117.2068,0,1,target_search,149.6404,74.7832
60,369,1,0,410.3576,0,1,target_search,124.7546,75.2119
60,370,0,43,117.2068,0,1,target_search,149.6404,74.7832
60,370,1,0,410.3576,0,1,target_search,124.7546,75.2119
60,371,0,43,117.2068,0,1,target_search,149.6404,74.7832
60,371,1,0,410.3576,0,1,target_search,124.7546,75.2119
60,372,0,43,117.2068,0,1,target_search,149.6404,74.7832
60,372,1,0,410.3576,0,1,target_search,124.7546,75.2119
60,373,0,43,117.2068,0,1,target_search,149.6404,74.7832
60,373,1,0,410.3576,0,1,target_search,124.7546,75.2119
60,374,0,43,117.2068,0,1,target_search,149.6404,74.7832
60,374,1,0,410.3576,0,1,target_search,124.7546,75.2119
60,375,0,43,117.2068,0,1,target_search,149.6404,74.7832
60,375,1,0,410.3576,0,1,target_search,124.7546,75.2119
60,376,0,43,117.2068,0,1,target_search,149.6404,74.7832
60,376,1,0,410.3576,0,1,target_search,124.7546,75.2119
60,377,0,43,117.2068,0,1,target_search,149.6404,74.7832
60,377,1,0,410.3576,0,1,target_search,124.7546,75.2119
60,378,0,43,117.2068,0,1,target_search,149.6404,74.7832
60,378,1,0,410.3576,0,1,target_search,124.7546,75.2119
60,379,0,43,117.2068,0,1,target_search,149.6404,74.7832
60,379,1,0,410.3576,0,1,target_search,124.7546,75.2119
60,380,0,43,117.2068,0,1,target_search,149.6404,74.7832
60,380,1,0,410.3576,0,1,target_search,124.7546,75.2119
60,381,0,43,117.2068,0,1,target_search,149.6404,74.7832
60,381,1,0,410.3576,0,1,target_search,124.7546,75.2119
60,382,0,43,117.2068,0,1,target_search,149.6404,74.7832
60,382,1,0,410.3576,0,1,target_search,124.7546,75.2119
60,383,0,43,117.2068,0,1,target_search,149.6404,74.7832
60,383,1,0,410.3576,0,1,target_search,124.7546,75.2119
60,384,0,43,117.2068,0,1,target_search,149.6404,74.7832
60,384,1,0,410.3576,0,1,target_search,124.7546,75.2119
60,385,0,43,117.2068,0,1,target_search,149.6404,74.7832
60,385,1,0,410.3576,0,1,target_search,124.7546,75.2119
60,386,0,43,117.2068,0,1,target_search,149.6404,74.7832
60,386,1,0,410.3576,0,1,target_search,124.7546,75.2119
60,387,0,43,117.2068,0,1,target_search,149.6404,74.7832
60,387,1,0,410.3576,0,1,target_search,124.7546,75.2119
60,388,0,43,117.2068,0,1,target_search,149.6404,74.7832
60,388,1,0,410.3576,0,1,target_search,124.7546,75.2119
60,389,0,43,117.2068,0,1,target_search,149.6404,74.7832
60,389,1,0,410.3576,0,1,target_search,124.7546,75.2119
60,390,0,43,117.2068,0,1,target_search,149.6404,74.7832
60,390,1,0,410.3576,0,1,target_search,124.7546,75.2119
60,391,0,43,117.2068,0,1,target_search,149.6404,74.7832
60,391,1,0,410.3576,0,1,target_search,124.7546,75.2119
60,392,0,43,117.2068,0,1,target_search,149.6404,74.7832
60,392,1,0,410.3576,0,1,target_search,124.7546,75.2119
60,393,0,43,117.2068,0,1,target_search,149.6404,74.7832
60,393,1,0,410.3576,0,1,target_search,124.7546,75.2119
60,394,0,43,117.2068,0,1,target_search,149.6404,74.7832
60,394,1,0,410.3576,0,1,target_search,124.7546,75.2119
60,395,0,43,117.2068,0,1,target_search,149.6404,74.7832
60,395,1,0,410.3576,0,1,target_search,124.7546,75.2119
60,396,0,43,117.2068,0,1,target_search,149.6404,74.7832
60,396,1,0,410.3576,0,1,target_search,124.7546,75.2119
60,397,0,43,117.2068,0,1,target_search,149.6404,74.7832
60,397,1,0,410.3576,0,1,target_search,124.7546,75.2119
60,398,0,43,117.2068,0,1,target_search,149.6404,74.7832
60,398,1,0,410.3576,0,1,target_search,124.7546,75.2119
60,399,0,43,117.2068,0,1,target_search,149.6404,74.7832
60,399,1,0,410.3576,0,1,target_search,124.7546,75.2119
60,400,0,43,117.2068,0,1,target_search,149.6404,74.7832
60,400,1,0,410.3576,0,1,target_search,124.7546,75.2119
60,401,0,43,117.2068,0,1,target_search,149.6404,74.7832
60,401,1,0,410.3576,0,1,target_search,124.7546,75.2119
60,402,0,43,117.2068,0,1,target_search,149.6404,74.7832
60,402,1,0,410.3576,0,1,target_search,124.7546,75.2119
60,403,0,43,117.2068,0,1,target_search,149.6404,74.7832
60,403,1,0,410.3576,0,1,target_search,124.7546,75.2119
60,404,0,43,117.2068,0,1,target_search,149.6404,74.7832
60,404,1,0,410.3576,0,1,target_search,124.7546,75.2119
60,405,0,43,117.2068,0,1,target_search,149.6404,74.7832
60,405,1,0,410.3576,0,1,target_search,124.7546,75.2119
60,406,0,43,117.2068,0,1,target_search,149.6404,74.7832
60,406,1,0,410.3576,0,1,target_search,124.7546,75.2119
60,407,0,43,117.2068,0,1,target_search,149.6404,74.7832
60,407,1,0,410.3576,0,1,target_search,124.7546,75.2119
60,408,0,43,117.2068,0,1,target_search,149.6404,74.7832
60,408,1,0,410.3576,0,1,target_search,124.7546,75.2119
60,409,0,43,117.2068,0,1,target_search,149.6404,74.7832
60,409,1,0,410.3576,0,1,target_search,124.7546,75.2119
60,410,0,43,117.2068,0,1,target_search,149.6404,74.7832
60,410,1,0,410.3576,0,1,target_search,124.7546,75.2119
60,411,0,43,117.2068,0,1,target_search,149.6404,74.7832
60,411,1,0,410.3576,0,1,target_search,124.7546,75.2119
60,412,0,43,117.2068,0,1,target_search,149.6404,74.7832
60,412,1,0,410.3576,0,1,target_search,124.7546,75.2119
60,413,0,43,117.2068,0,1,target_search,149.6404,74.7832
60,413,1,0,410.3576,0,1,target_search,124.7546,75.2119
60,414,0,43,117.2068,0,1,target_search,149.6404,74.7832
60,414,1,0,410.3576,0,1,target_search,124.7546,75.2119
60,415,0,43,117.2068,0,1,target_search,149.6404,74.7832
60,415,1,0,410.3576,0,1,target_search,124.7546,75.2119
60,416,0,43,117.2068,0,1,target_search,149.6404,74.7832
60,416,1,0,410.3576,0,1,target_search,124.7546,75.2119
60,417,0,43,117.2068,0,1,target_search,149.6404,74.7832
60,417,1,0,410.3576,0,1,target_search,124.7546,75.2119
60,418,0,43,117.2068,0,1,target_search,149.6404,74.7832
60,418,1,0,410.3576,0,1,target_search,124.7546,75.2119
60,419,0,43,117.2068,0,1,target_search,149.6404,74.7832
60,419,1,0,410.3576,0,1,target_search,124.7546,75.2119
60,420,0,43,117.2068,0,1,target_search,149.6404,74.7832
60,420,1,0,410.3576,0,1,target_search,124.7546,75.2119
60,421,0,43,117.2068,0,1,target_search,149.6404,74.7832
60,421,1,0,410.3576,0,1,target_search,124.7546,75.2119
60,422,0,43,117.2068,0,1,target_search,149.6404,74.7832
60,422,1,0,410.3576,0,1,target_search,124.7546,75.2119
60,423,0,43,117.2068,0,1,target_search,149.6404,74.7832
60,423,1,0,410.3576,0,1,target_search,124.7546,75.2119
60,424,0,43,117.2068,0,1,target_search,149.6404,74.7832
60,424,1,0,410.3576,0,1,target_search,124.7546,75.2119
60,425,0,43,117.2068,0,1,target_search,149.6404,74.7832
60,425,1,0,410.3576,0,1,target_search,124.7546,75.2119
60,426,0,43,117.2068,0,1,target_search,149.6404,74.7832
60,426,1,0,410.3576,0,1,target_search,124.7546,75.2119
60,427,0,43,117.2068,0,1,target_search,149.6404,74.7832
60,427,1,0,410.3576,0,1,target_search,124.7546,75.2119
60,428,0,43,117.2068,0,1,target_search,149.6404,74.7832
60,428,1,0,410.3576,0,1,target_search,124.7546,75.2119
60,429,0,43,117.2068,0,1,target_search,149.6404,74.7832
60,429,1,0,410.3576,0,1,target_search,124.7546,75.2119
60,430,0,43,117.2068,0,1,target_search,149.6404,74.7832
60,430,1,0,410.3576,0,1,target_search,124.7546,75.2119
60,431,0,43,117.2068,0,1,target_search,149.6404,74.7832
60,431,1,0,410.3576,0,1,target_search,124.7546,75.2119
60,432,0,43,117.2068,0,1,target_search,149.6404,74.7832
60,432,1,0,410.3576,0,1,target_search,124.7546,75.2119
60,433,0,43,117.2068,0,1,target_search,149.6404,74.7832
60,433,1,0,410.3576,0,1,target_search,124.7546,75.2119
60,434,0,43,117.2068,0,1,target_search,149.6404,74.7832
60,434,1,0,410.3576,0,1,target_search,124.7546,75.2119
60,435,0,43,117.2068,0,1,target_search,149.6404,74.7832
60,435,1,0,410.3576,0,1,target_search,124.7546,75.2119
60,436,0,43,117.2068,0,1,target_search,149.6404,74.7832
60,436,1,0,410.3576,0,1,target_search,124.7546,75.2119
60,437,0,43,117.2068,0,1,target_search,149.6404,74.7832
60,437,1,0,410.3576,0,1,target_search,124.7546,75.2119
60,438,0,43,117.2068,0,1,target_search,149.6404,74.7832
60,438,1,0,410.3576,0,1,target_search,124.7546,75.2119
60,439,0,43,117.2068,0,1,target_search,149.6404,74.7832
60,439,1,0,410.3576,0,1,target_search,124.7546,75.2119
60,440,0,43,117.2068,0,1,target_search,149.6404,74.7832
60,440,1,0,410.3576,0,1,target_search,124.7546,75.2119
60,441,0,43,117.2068,0,1,target_search,149.6404,74.7832
60,441,1,0,410.3576,0,1,target_search,124.7546,75.2119
60,442,0,43,117.2068,0,1,target_search,149.6404,74.7832
60,442,1,0,410.3576,0,1,target_search,124.7546,75.2119
60,443,0,43,117.2068,0,1,target_search,149.6404,74.7832
60,443,1,0,410.3576,0,1,target_search,124.7546,75.2119
60,444,0,43,117.2068,0,1,target_search,149.6404,74.7832
60,444,1,0,410.3576,0,1,target_search,124.7546,75.2119
60,445,0,43,117.2068,0,1,target_search,149.6404,74.7832
60,445,1,0,410.3576,0,1,target_search,124.7546,75.2119
60,446,0,43,117.2068,0,1,target_search,149.6404,74.7832
60,446,1,0,410.3576,0,1,target_search,124.7546,75.2119
60,447,0,43,117.2068,0,1,target_search,149.6404,74.7832
60,447,1,0,410.3576,0,1,target_search,124.7546,75.2119
60,448,0,43,117.2068,0,1,target_search,149.6404,74.7832
60,448,1,0,410.3576,0,1,target_search,124.7546,75.2119
60,449,0,43,117.2068,0,1,target_search,149.6404,74.7832
60,449,1,0,410.3576,0,1,target_search,124.7546,75.2119
60,450,0,43,117.2068,0,1,target_search,149.6404,74.7832
60,450,1,0,410.3576,0,1,target_search,124.7546,75.2119
